Time,Source,Destination,source port,dest port,Seq,Time,SSRC
1695711124.243640,10.1.6.3,103.242.182.119,9848,17136,56849,2130712524,0x695F8610
1695711124.263050,10.1.6.3,103.242.182.119,9848,17136,56850,2130712684,0x695F8610
1695711124.283370,10.1.6.3,103.242.182.119,9848,17136,56851,2130712844,0x695F8610
1695711124.302700,10.1.6.3,103.242.182.119,9848,17136,56852,2130713004,0x695F8610
1695711124.322940,10.1.6.3,103.242.182.119,9848,17136,56853,2130713164,0x695F8610
1695711124.343310,10.1.6.3,103.242.182.119,9848,17136,56854,2130713324,0x695F8610
1695711124.362570,10.1.6.3,103.242.182.119,9848,17136,56855,2130713484,0x695F8610
1695711124.382990,10.1.6.3,103.242.182.119,9848,17136,56856,2130713644,0x695F8610
1695711124.403300,10.1.6.3,103.242.182.119,9848,17136,56857,2130713804,0x695F8610
1695711124.422640,10.1.6.3,103.242.182.119,9848,17136,56858,2130713964,0x695F8610
1695711124.442930,10.1.6.3,103.242.182.119,9848,17136,56859,2130714124,0x695F8610
1695711124.463320,10.1.6.3,103.242.182.119,9848,17136,56860,2130714284,0x695F8610
1695711124.482630,10.1.6.3,103.242.182.119,9848,17136,56861,2130714444,0x695F8610
1695711124.503000,10.1.6.3,103.242.182.119,9848,17136,56862,2130714604,0x695F8610
1695711124.523240,10.1.6.3,103.242.182.119,9848,17136,56863,2130714764,0x695F8610
1695711124.542620,10.1.6.3,103.242.182.119,9848,17136,56864,2130714924,0x695F8610
1695711124.562920,10.1.6.3,103.242.182.119,9848,17136,56865,2130715084,0x695F8610
1695711124.583400,10.1.6.3,103.242.182.119,9848,17136,56866,2130715244,0x695F8610
1695711124.602700,10.1.6.3,103.242.182.119,9848,17136,56867,2130715404,0x695F8610
1695711124.623090,10.1.6.3,103.242.182.119,9848,17136,56868,2130715564,0x695F8610
1695711124.643410,10.1.6.3,103.242.182.119,9848,17136,56869,2130715724,0x695F8610
1695711124.662790,10.1.6.3,103.242.182.119,9848,17136,56870,2130715884,0x695F8610
1695711124.683090,10.1.6.3,103.242.182.119,9848,17136,56871,2130716044,0x695F8610
1695711124.703480,10.1.6.3,103.242.182.119,9848,17136,56872,2130716204,0x695F8610
1695711124.722760,10.1.6.3,103.242.182.119,9848,17136,56873,2130716364,0x695F8610
1695711124.743090,10.1.6.3,103.242.182.119,9848,17136,56874,2130716524,0x695F8610
1695711124.763330,10.1.6.3,103.242.182.119,9848,17136,56875,2130716684,0x695F8610
1695711124.782640,10.1.6.3,103.242.182.119,9848,17136,56876,2130716844,0x695F8610
1695711124.802920,10.1.6.3,103.242.182.119,9848,17136,56877,2130717004,0x695F8610
1695711124.823360,10.1.6.3,103.242.182.119,9848,17136,56878,2130717164,0x695F8610
1695711124.842650,10.1.6.3,103.242.182.119,9848,17136,56879,2130717324,0x695F8610
1695711124.863160,10.1.6.3,103.242.182.119,9848,17136,56880,2130717484,0x695F8610
1695711124.883510,10.1.6.3,103.242.182.119,9848,17136,56881,2130717644,0x695F8610
1695711124.902980,10.1.6.3,103.242.182.119,9848,17136,56882,2130717804,0x695F8610
1695711124.923310,10.1.6.3,103.242.182.119,9848,17136,56883,2130717964,0x695F8610
1695711124.942730,10.1.6.3,103.242.182.119,9848,17136,56884,2130718124,0x695F8610
1695711124.963050,10.1.6.3,103.242.182.119,9848,17136,56885,2130718284,0x695F8610
1695711124.983540,10.1.6.3,103.242.182.119,9848,17136,56886,2130718444,0x695F8610
1695711125.002910,10.1.6.3,103.242.182.119,9848,17136,56887,2130718604,0x695F8610
1695711125.023370,10.1.6.3,103.242.182.119,9848,17136,56888,2130718764,0x695F8610
1695711125.042760,10.1.6.3,103.242.182.119,9848,17136,56889,2130718924,0x695F8610
1695711125.063250,10.1.6.3,103.242.182.119,9848,17136,56890,2130719084,0x695F8610
1695711125.083610,10.1.6.3,103.242.182.119,9848,17136,56891,2130719244,0x695F8610
1695711125.103100,10.1.6.3,103.242.182.119,9848,17136,56892,2130719404,0x695F8610
1695711125.123470,10.1.6.3,103.242.182.119,9848,17136,56893,2130719564,0x695F8610
1695711125.142970,10.1.6.3,103.242.182.119,9848,17136,56894,2130719724,0x695F8610
1695711125.163280,10.1.6.3,103.242.182.119,9848,17136,56895,2130719884,0x695F8610
1695711125.182730,10.1.6.3,103.242.182.119,9848,17136,56896,2130720044,0x695F8610
1695711125.203090,10.1.6.3,103.242.182.119,9848,17136,56897,2130720204,0x695F8610
1695711125.223570,10.1.6.3,103.242.182.119,9848,17136,56898,2130720364,0x695F8610
1695711125.242860,10.1.6.3,103.242.182.119,9848,17136,56899,2130720524,0x695F8610
1695711125.263260,10.1.6.3,103.242.182.119,9848,17136,56900,2130720684,0x695F8610
1695711125.283610,10.1.6.3,103.242.182.119,9848,17136,56901,2130720844,0x695F8610
1695711125.303150,10.1.6.3,103.242.182.119,9848,17136,56902,2130721004,0x695F8610
1695711125.323540,10.1.6.3,103.242.182.119,9848,17136,56903,2130721164,0x695F8610
1695711125.342870,10.1.6.3,103.242.182.119,9848,17136,56904,2130721324,0x695F8610
1695711125.363110,10.1.6.3,103.242.182.119,9848,17136,56905,2130721484,0x695F8610
1695711125.383470,10.1.6.3,103.242.182.119,9848,17136,56906,2130721644,0x695F8610
1695711125.402830,10.1.6.3,103.242.182.119,9848,17136,56907,2130721804,0x695F8610
1695711125.423280,10.1.6.3,103.242.182.119,9848,17136,56908,2130721964,0x695F8610
1695711125.443610,10.1.6.3,103.242.182.119,9848,17136,56909,2130722124,0x695F8610
1695711125.463110,10.1.6.3,103.242.182.119,9848,17136,56910,2130722284,0x695F8610
1695711125.483470,10.1.6.3,103.242.182.119,9848,17136,56911,2130722444,0x695F8610
1695711125.502840,10.1.6.3,103.242.182.119,9848,17136,56912,2130722604,0x695F8610
1695711125.523160,10.1.6.3,103.242.182.119,9848,17136,56913,2130722764,0x695F8610
1695711125.543520,10.1.6.3,103.242.182.119,9848,17136,56914,2130722924,0x695F8610
1695711125.562800,10.1.6.3,103.242.182.119,9848,17136,56915,2130723084,0x695F8610
1695711125.583220,10.1.6.3,103.242.182.119,9848,17136,56916,2130723244,0x695F8610
1695711125.603450,10.1.6.3,103.242.182.119,9848,17136,56917,2130723404,0x695F8610
1695711125.622880,10.1.6.3,103.242.182.119,9848,17136,56918,2130723564,0x695F8610
1695711125.643170,10.1.6.3,103.242.182.119,9848,17136,56919,2130723724,0x695F8610
1695711125.662640,10.1.6.3,103.242.182.119,9848,17136,56920,2130723884,0x695F8610
1695711125.682940,10.1.6.3,103.242.182.119,9848,17136,56921,2130724044,0x695F8610
1695711125.703300,10.1.6.3,103.242.182.119,9848,17136,56922,2130724204,0x695F8610
1695711125.723590,10.1.6.3,103.242.182.119,9848,17136,56923,2130724364,0x695F8610
1695711125.742980,10.1.6.3,103.242.182.119,9848,17136,56924,2130724524,0x695F8610
1695711125.763270,10.1.6.3,103.242.182.119,9848,17136,56925,2130724684,0x695F8610
1695711125.782620,10.1.6.3,103.242.182.119,9848,17136,56926,2130724844,0x695F8610
1695711125.802870,10.1.6.3,103.242.182.119,9848,17136,56927,2130725004,0x695F8610
1695711125.823260,10.1.6.3,103.242.182.119,9848,17136,56928,2130725164,0x695F8610
1695711125.843500,10.1.6.3,103.242.182.119,9848,17136,56929,2130725324,0x695F8610
1695711125.862850,10.1.6.3,103.242.182.119,9848,17136,56930,2130725484,0x695F8610
1695711125.883090,10.1.6.3,103.242.182.119,9848,17136,56931,2130725644,0x695F8610
1695711125.903480,10.1.6.3,103.242.182.119,9848,17136,56932,2130725804,0x695F8610
1695711125.922890,10.1.6.3,103.242.182.119,9848,17136,56933,2130725964,0x695F8610
1695711125.943370,10.1.6.3,103.242.182.119,9848,17136,56934,2130726124,0x695F8610
1695711125.962750,10.1.6.3,103.242.182.119,9848,17136,56935,2130726284,0x695F8610
1695711125.983230,10.1.6.3,103.242.182.119,9848,17136,56936,2130726444,0x695F8610
1695711126.003510,10.1.6.3,103.242.182.119,9848,17136,56937,2130726604,0x695F8610
1695711126.022930,10.1.6.3,103.242.182.119,9848,17136,56938,2130726764,0x695F8610
1695711126.043220,10.1.6.3,103.242.182.119,9848,17136,56939,2130726924,0x695F8610
1695711126.062620,10.1.6.3,103.242.182.119,9848,17136,56940,2130727084,0x695F8610
1695711126.082920,10.1.6.3,103.242.182.119,9848,17136,56941,2130727244,0x695F8610
1695711126.103380,10.1.6.3,103.242.182.119,9848,17136,56942,2130727404,0x695F8610
1695711126.122660,10.1.6.3,103.242.182.119,9848,17136,56943,2130727564,0x695F8610
1695711126.143030,10.1.6.3,103.242.182.119,9848,17136,56944,2130727724,0x695F8610
1695711126.163320,10.1.6.3,103.242.182.119,9848,17136,56945,2130727884,0x695F8610
1695711126.182670,10.1.6.3,103.242.182.119,9848,17136,56946,2130728044,0x695F8610
1695711126.202960,10.1.6.3,103.242.182.119,9848,17136,56947,2130728204,0x695F8610
1695711126.223340,10.1.6.3,103.242.182.119,9848,17136,56948,2130728364,0x695F8610
1695711126.242610,10.1.6.3,103.242.182.119,9848,17136,56949,2130728524,0x695F8610
1695711126.262970,10.1.6.3,103.242.182.119,9848,17136,56950,2130728684,0x695F8610
1695711126.283330,10.1.6.3,103.242.182.119,9848,17136,56951,2130728844,0x695F8610
1695711126.302780,10.1.6.3,103.242.182.119,9848,17136,56952,2130729004,0x695F8610
1695711126.323080,10.1.6.3,103.242.182.119,9848,17136,56953,2130729164,0x695F8610
1695711126.343460,10.1.6.3,103.242.182.119,9848,17136,56954,2130729324,0x695F8610
1695711126.362780,10.1.6.3,103.242.182.119,9848,17136,56955,2130729484,0x695F8610
1695711126.383170,10.1.6.3,103.242.182.119,9848,17136,56956,2130729644,0x695F8610
1695711126.403480,10.1.6.3,103.242.182.119,9848,17136,56957,2130729804,0x695F8610
1695711126.422880,10.1.6.3,103.242.182.119,9848,17136,56958,2130729964,0x695F8610
1695711126.443150,10.1.6.3,103.242.182.119,9848,17136,56959,2130730124,0x695F8610
1695711126.463610,10.1.6.3,103.242.182.119,9848,17136,56960,2130730284,0x695F8610
1695711126.482880,10.1.6.3,103.242.182.119,9848,17136,56961,2130730444,0x695F8610
1695711126.503300,10.1.6.3,103.242.182.119,9848,17136,56962,2130730604,0x695F8610
1695711126.522620,10.1.6.3,103.242.182.119,9848,17136,56963,2130730764,0x695F8610
1695711126.543120,10.1.6.3,103.242.182.119,9848,17136,56964,2130730924,0x695F8610
1695711126.563540,10.1.6.3,103.242.182.119,9848,17136,56965,2130731084,0x695F8610
1695711126.583010,10.1.6.3,103.242.182.119,9848,17136,56966,2130731244,0x695F8610
1695711126.603320,10.1.6.3,103.242.182.119,9848,17136,56967,2130731404,0x695F8610
1695711126.622700,10.1.6.3,103.242.182.119,9848,17136,56968,2130731564,0x695F8610
1695711126.642960,10.1.6.3,103.242.182.119,9848,17136,56969,2130731724,0x695F8610
1695711126.663330,10.1.6.3,103.242.182.119,9848,17136,56970,2130731884,0x695F8610
1695711126.682580,10.1.6.3,103.242.182.119,9848,17136,56971,2130732044,0x695F8610
1695711126.703000,10.1.6.3,103.242.182.119,9848,17136,56972,2130732204,0x695F8610
1695711126.723270,10.1.6.3,103.242.182.119,9848,17136,56973,2130732364,0x695F8610
1695711126.742700,10.1.6.3,103.242.182.119,9848,17136,56974,2130732524,0x695F8610
1695711126.763030,10.1.6.3,103.242.182.119,9848,17136,56975,2130732684,0x695F8610
1695711126.783450,10.1.6.3,103.242.182.119,9848,17136,56976,2130732844,0x695F8610
1695711126.802710,10.1.6.3,103.242.182.119,9848,17136,56977,2130733004,0x695F8610
1695711126.823090,10.1.6.3,103.242.182.119,9848,17136,56978,2130733164,0x695F8610
1695711126.843360,10.1.6.3,103.242.182.119,9848,17136,56979,2130733324,0x695F8610
1695711126.862740,10.1.6.3,103.242.182.119,9848,17136,56980,2130733484,0x695F8610
1695711126.883040,10.1.6.3,103.242.182.119,9848,17136,56981,2130733644,0x695F8610
1695711126.903450,10.1.6.3,103.242.182.119,9848,17136,56982,2130733804,0x695F8610
1695711126.922770,10.1.6.3,103.242.182.119,9848,17136,56983,2130733964,0x695F8610
1695711126.943220,10.1.6.3,103.242.182.119,9848,17136,56984,2130734124,0x695F8610
1695711126.963510,10.1.6.3,103.242.182.119,9848,17136,56985,2130734284,0x695F8610
1695711126.982880,10.1.6.3,103.242.182.119,9848,17136,56986,2130734444,0x695F8610
1695711127.003180,10.1.6.3,103.242.182.119,9848,17136,56987,2130734604,0x695F8610
1695711127.023570,10.1.6.3,103.242.182.119,9848,17136,56988,2130734764,0x695F8610
1695711127.042910,10.1.6.3,103.242.182.119,9848,17136,56989,2130734924,0x695F8610
1695711127.063290,10.1.6.3,103.242.182.119,9848,17136,56990,2130735084,0x695F8610
1695711127.083630,10.1.6.3,103.242.182.119,9848,17136,56991,2130735244,0x695F8610
1695711127.103030,10.1.6.3,103.242.182.119,9848,17136,56992,2130735404,0x695F8610
1695711127.123320,10.1.6.3,103.242.182.119,9848,17136,56993,2130735564,0x695F8610
1695711127.142700,10.1.6.3,103.242.182.119,9848,17136,56994,2130735724,0x695F8610
1695711127.163000,10.1.6.3,103.242.182.119,9848,17136,56995,2130735884,0x695F8610
1695711127.183430,10.1.6.3,103.242.182.119,9848,17136,56996,2130736044,0x695F8610
1695711127.202720,10.1.6.3,103.242.182.119,9848,17136,56997,2130736204,0x695F8610
1695711127.223070,10.1.6.3,103.242.182.119,9848,17136,56998,2130736364,0x695F8610
1695711127.243360,10.1.6.3,103.242.182.119,9848,17136,56999,2130736524,0x695F8610
1695711127.262740,10.1.6.3,103.242.182.119,9848,17136,57000,2130736684,0x695F8610
1695711127.283030,10.1.6.3,103.242.182.119,9848,17136,57001,2130736844,0x695F8610
1695711127.303350,10.1.6.3,103.242.182.119,9848,17136,57002,2130737004,0x695F8610
1695711127.322660,10.1.6.3,103.242.182.119,9848,17136,57003,2130737164,0x695F8610
1695711127.343170,10.1.6.3,103.242.182.119,9848,17136,57004,2130737324,0x695F8610
1695711127.363430,10.1.6.3,103.242.182.119,9848,17136,57005,2130737484,0x695F8610
1695711127.382960,10.1.6.3,103.242.182.119,9848,17136,57006,2130737644,0x695F8610
1695711127.403250,10.1.6.3,103.242.182.119,9848,17136,57007,2130737804,0x695F8610
1695711127.422570,10.1.6.3,103.242.182.119,9848,17136,57008,2130737964,0x695F8610
1695711127.442810,10.1.6.3,103.242.182.119,9848,17136,57009,2130738124,0x695F8610
1695711127.463220,10.1.6.3,103.242.182.119,9848,17136,57010,2130738284,0x695F8610
1695711127.483510,10.1.6.3,103.242.182.119,9848,17136,57011,2130738444,0x695F8610
1695711127.502930,10.1.6.3,103.242.182.119,9848,17136,57012,2130738604,0x695F8610
1695711127.523230,10.1.6.3,103.242.182.119,9848,17136,57013,2130738764,0x695F8610
1695711127.542680,10.1.6.3,103.242.182.119,9848,17136,57014,2130738924,0x695F8610
1695711127.562930,10.1.6.3,103.242.182.119,9848,17136,57015,2130739084,0x695F8610
1695711127.583380,10.1.6.3,103.242.182.119,9848,17136,57016,2130739244,0x695F8610
1695711127.602660,10.1.6.3,103.242.182.119,9848,17136,57017,2130739404,0x695F8610
1695711127.623090,10.1.6.3,103.242.182.119,9848,17136,57018,2130739564,0x695F8610
1695711127.643380,10.1.6.3,103.242.182.119,9848,17136,57019,2130739724,0x695F8610
1695711127.662810,10.1.6.3,103.242.182.119,9848,17136,57020,2130739884,0x695F8610
1695711127.683170,10.1.6.3,103.242.182.119,9848,17136,57021,2130740044,0x695F8610
1695711127.702640,10.1.6.3,103.242.182.119,9848,17136,57022,2130740204,0x695F8610
1695711127.722910,10.1.6.3,103.242.182.119,9848,17136,57023,2130740364,0x695F8610
1695711127.743340,10.1.6.3,103.242.182.119,9848,17136,57024,2130740524,0x695F8610
1695711127.762640,10.1.6.3,103.242.182.119,9848,17136,57025,2130740684,0x695F8610
1695711127.783040,10.1.6.3,103.242.182.119,9848,17136,57026,2130740844,0x695F8610
1695711127.803330,10.1.6.3,103.242.182.119,9848,17136,57027,2130741004,0x695F8610
1695711127.822780,10.1.6.3,103.242.182.119,9848,17136,57028,2130741164,0x695F8610
1695711127.843060,10.1.6.3,103.242.182.119,9848,17136,57029,2130741324,0x695F8610
1695711127.863490,10.1.6.3,103.242.182.119,9848,17136,57030,2130741484,0x695F8610
1695711127.882750,10.1.6.3,103.242.182.119,9848,17136,57031,2130741644,0x695F8610
1695711127.903200,10.1.6.3,103.242.182.119,9848,17136,57032,2130741804,0x695F8610
1695711127.923550,10.1.6.3,103.242.182.119,9848,17136,57033,2130741964,0x695F8610
1695711127.943020,10.1.6.3,103.242.182.119,9848,17136,57034,2130742124,0x695F8610
1695711127.963360,10.1.6.3,103.242.182.119,9848,17136,57035,2130742284,0x695F8610
1695711127.982820,10.1.6.3,103.242.182.119,9848,17136,57036,2130742444,0x695F8610
1695711128.003160,10.1.6.3,103.242.182.119,9848,17136,57037,2130742604,0x695F8610
1695711128.023600,10.1.6.3,103.242.182.119,9848,17136,57038,2130742764,0x695F8610
1695711128.042930,10.1.6.3,103.242.182.119,9848,17136,57039,2130742924,0x695F8610
1695711128.063390,10.1.6.3,103.242.182.119,9848,17136,57040,2130743084,0x695F8610
1695711128.082720,10.1.6.3,103.242.182.119,9848,17136,57041,2130743244,0x695F8610
1695711128.103150,10.1.6.3,103.242.182.119,9848,17136,57042,2130743404,0x695F8610
1695711128.123440,10.1.6.3,103.242.182.119,9848,17136,57043,2130743564,0x695F8610
1695711128.142890,10.1.6.3,103.242.182.119,9848,17136,57044,2130743724,0x695F8610
1695711128.163210,10.1.6.3,103.242.182.119,9848,17136,57045,2130743884,0x695F8610
1695711128.182570,10.1.6.3,103.242.182.119,9848,17136,57046,2130744044,0x695F8610
1695711128.202880,10.1.6.3,103.242.182.119,9848,17136,57047,2130744204,0x695F8610
1695711128.223260,10.1.6.3,103.242.182.119,9848,17136,57048,2130744364,0x695F8610
1695711128.243550,10.1.6.3,103.242.182.119,9848,17136,57049,2130744524,0x695F8610
1695711128.262980,10.1.6.3,103.242.182.119,9848,17136,57050,2130744684,0x695F8610
1695711128.283270,10.1.6.3,103.242.182.119,9848,17136,57051,2130744844,0x695F8610
1695711128.302650,10.1.6.3,103.242.182.119,9848,17136,57052,2130745004,0x695F8610
1695711128.322960,10.1.6.3,103.242.182.119,9848,17136,57053,2130745164,0x695F8610
1695711128.343340,10.1.6.3,103.242.182.119,9848,17136,57054,2130745324,0x695F8610
1695711128.362570,10.1.6.3,103.242.182.119,9848,17136,57055,2130745484,0x695F8610
1695711128.382960,10.1.6.3,103.242.182.119,9848,17136,57056,2130745644,0x695F8610
1695711128.403260,10.1.6.3,103.242.182.119,9848,17136,57057,2130745804,0x695F8610
1695711128.422680,10.1.6.3,103.242.182.119,9848,17136,57058,2130745964,0x695F8610
1695711128.442970,10.1.6.3,103.242.182.119,9848,17136,57059,2130746124,0x695F8610
1695711128.463350,10.1.6.3,103.242.182.119,9848,17136,57060,2130746284,0x695F8610
1695711128.482580,10.1.6.3,103.242.182.119,9848,17136,57061,2130746444,0x695F8610
1695711128.502950,10.1.6.3,103.242.182.119,9848,17136,57062,2130746604,0x695F8610
1695711128.523190,10.1.6.3,103.242.182.119,9848,17136,57063,2130746764,0x695F8610
1695711128.542560,10.1.6.3,103.242.182.119,9848,17136,57064,2130746924,0x695F8610
1695711128.562800,10.1.6.3,103.242.182.119,9848,17136,57065,2130747084,0x695F8610
1695711128.583130,10.1.6.3,103.242.182.119,9848,17136,57066,2130747244,0x695F8610
1695711128.603390,10.1.6.3,103.242.182.119,9848,17136,57067,2130747404,0x695F8610
1695711128.622780,10.1.6.3,103.242.182.119,9848,17136,57068,2130747564,0x695F8610
1695711128.643070,10.1.6.3,103.242.182.119,9848,17136,57069,2130747724,0x695F8610
1695711128.663450,10.1.6.3,103.242.182.119,9848,17136,57070,2130747884,0x695F8610
1695711128.682740,10.1.6.3,103.242.182.119,9848,17136,57071,2130748044,0x695F8610
1695711128.703100,10.1.6.3,103.242.182.119,9848,17136,57072,2130748204,0x695F8610
1695711128.723390,10.1.6.3,103.242.182.119,9848,17136,57073,2130748364,0x695F8610
1695711128.742800,10.1.6.3,103.242.182.119,9848,17136,57074,2130748524,0x695F8610
1695711128.763090,10.1.6.3,103.242.182.119,9848,17136,57075,2130748684,0x695F8610
1695711128.783480,10.1.6.3,103.242.182.119,9848,17136,57076,2130748844,0x695F8610
1695711128.802770,10.1.6.3,103.242.182.119,9848,17136,57077,2130749004,0x695F8610
1695711128.823180,10.1.6.3,103.242.182.119,9848,17136,57078,2130749164,0x695F8610
1695711128.843470,10.1.6.3,103.242.182.119,9848,17136,57079,2130749324,0x695F8610
1695711128.862840,10.1.6.3,103.242.182.119,9848,17136,57080,2130749484,0x695F8610
1695711128.883120,10.1.6.3,103.242.182.119,9848,17136,57081,2130749644,0x695F8610
1695711128.903510,10.1.6.3,103.242.182.119,9848,17136,57082,2130749804,0x695F8610
1695711128.922750,10.1.6.3,103.242.182.119,9848,17136,57083,2130749964,0x695F8610
1695711128.943090,10.1.6.3,103.242.182.119,9848,17136,57084,2130750124,0x695F8610
1695711128.963310,10.1.6.3,103.242.182.119,9848,17136,57085,2130750284,0x695F8610
1695711128.982690,10.1.6.3,103.242.182.119,9848,17136,57086,2130750444,0x695F8610
1695711129.003040,10.1.6.3,103.242.182.119,9848,17136,57087,2130750604,0x695F8610
1695711129.023480,10.1.6.3,103.242.182.119,9848,17136,57088,2130750764,0x695F8610
1695711129.042840,10.1.6.3,103.242.182.119,9848,17136,57089,2130750924,0x695F8610
1695711129.063280,10.1.6.3,103.242.182.119,9848,17136,57090,2130751084,0x695F8610
1695711129.083600,10.1.6.3,103.242.182.119,9848,17136,57091,2130751244,0x695F8610
1695711129.103070,10.1.6.3,103.242.182.119,9848,17136,57092,2130751404,0x695F8610
1695711129.123350,10.1.6.3,103.242.182.119,9848,17136,57093,2130751564,0x695F8610
1695711129.142770,10.1.6.3,103.242.182.119,9848,17136,57094,2130751724,0x695F8610
1695711129.163110,10.1.6.3,103.242.182.119,9848,17136,57095,2130751884,0x695F8610
1695711129.183520,10.1.6.3,103.242.182.119,9848,17136,57096,2130752044,0x695F8610
1695711129.202800,10.1.6.3,103.242.182.119,9848,17136,57097,2130752204,0x695F8610
1695711129.223220,10.1.6.3,103.242.182.119,9848,17136,57098,2130752364,0x695F8610
1695711129.243590,10.1.6.3,103.242.182.119,9848,17136,57099,2130752524,0x695F8610
1695711129.263010,10.1.6.3,103.242.182.119,9848,17136,57100,2130752684,0x695F8610
1695711129.283300,10.1.6.3,103.242.182.119,9848,17136,57101,2130752844,0x695F8610
1695711129.302770,10.1.6.3,103.242.182.119,9848,17136,57102,2130753004,0x695F8610
1695711129.323060,10.1.6.3,103.242.182.119,9848,17136,57103,2130753164,0x695F8610
1695711129.343500,10.1.6.3,103.242.182.119,9848,17136,57104,2130753324,0x695F8610
1695711129.362840,10.1.6.3,103.242.182.119,9848,17136,57105,2130753484,0x695F8610
1695711129.383300,10.1.6.3,103.242.182.119,9848,17136,57106,2130753644,0x695F8610
1695711129.403580,10.1.6.3,103.242.182.119,9848,17136,57107,2130753804,0x695F8610
1695711129.423010,10.1.6.3,103.242.182.119,9848,17136,57108,2130753964,0x695F8610
1695711129.443320,10.1.6.3,103.242.182.119,9848,17136,57109,2130754124,0x695F8610
1695711129.462700,10.1.6.3,103.242.182.119,9848,17136,57110,2130754284,0x695F8610
1695711129.483000,10.1.6.3,103.242.182.119,9848,17136,57111,2130754444,0x695F8610
1695711129.503420,10.1.6.3,103.242.182.119,9848,17136,57112,2130754604,0x695F8610
1695711129.522710,10.1.6.3,103.242.182.119,9848,17136,57113,2130754764,0x695F8610
1695711129.543040,10.1.6.3,103.242.182.119,9848,17136,57114,2130754924,0x695F8610
1695711129.563330,10.1.6.3,103.242.182.119,9848,17136,57115,2130755084,0x695F8610
1695711129.582770,10.1.6.3,103.242.182.119,9848,17136,57116,2130755244,0x695F8610
1695711129.603060,10.1.6.3,103.242.182.119,9848,17136,57117,2130755404,0x695F8610
1695711129.623490,10.1.6.3,103.242.182.119,9848,17136,57118,2130755564,0x695F8610
1695711129.642790,10.1.6.3,103.242.182.119,9848,17136,57119,2130755724,0x695F8610
1695711129.663130,10.1.6.3,103.242.182.119,9848,17136,57120,2130755884,0x695F8610
1695711129.683390,10.1.6.3,103.242.182.119,9848,17136,57121,2130756044,0x695F8610
1695711129.702730,10.1.6.3,103.242.182.119,9848,17136,57122,2130756204,0x695F8610
1695711129.723050,10.1.6.3,103.242.182.119,9848,17136,57123,2130756364,0x695F8610
1695711129.743460,10.1.6.3,103.242.182.119,9848,17136,57124,2130756524,0x695F8610
1695711129.762760,10.1.6.3,103.242.182.119,9848,17136,57125,2130756684,0x695F8610
1695711129.783220,10.1.6.3,103.242.182.119,9848,17136,57126,2130756844,0x695F8610
1695711129.803510,10.1.6.3,103.242.182.119,9848,17136,57127,2130757004,0x695F8610
1695711129.823290,10.1.6.3,103.242.182.119,9848,17136,57128,2130757164,0x695F8610
1695711129.843530,10.1.6.3,103.242.182.119,9848,17136,57129,2130757324,0x695F8610
1695711129.862870,10.1.6.3,103.242.182.119,9848,17136,57130,2130757484,0x695F8610
1695711129.883170,10.1.6.3,103.242.182.119,9848,17136,57131,2130757644,0x695F8610
1695711129.903440,10.1.6.3,103.242.182.119,9848,17136,57132,2130757804,0x695F8610
1695711129.922700,10.1.6.3,103.242.182.119,9848,17136,57133,2130757964,0x695F8610
1695711129.943120,10.1.6.3,103.242.182.119,9848,17136,57134,2130758124,0x695F8610
1695711129.963350,10.1.6.3,103.242.182.119,9848,17136,57135,2130758284,0x695F8610
1695711129.982810,10.1.6.3,103.242.182.119,9848,17136,57136,2130758444,0x695F8610
1695711130.003030,10.1.6.3,103.242.182.119,9848,17136,57137,2130758604,0x695F8610
1695711130.023330,10.1.6.3,103.242.182.119,9848,17136,57138,2130758764,0x695F8610
1695711130.042550,10.1.6.3,103.242.182.119,9848,17136,57139,2130758924,0x695F8610
1695711130.062950,10.1.6.3,103.242.182.119,9848,17136,57140,2130759084,0x695F8610
1695711130.083230,10.1.6.3,103.242.182.119,9848,17136,57141,2130759244,0x695F8610
1695711130.102590,10.1.6.3,103.242.182.119,9848,17136,57142,2130759404,0x695F8610
1695711130.122860,10.1.6.3,103.242.182.119,9848,17136,57143,2130759564,0x695F8610
1695711130.143260,10.1.6.3,103.242.182.119,9848,17136,57144,2130759724,0x695F8610
1695711130.163530,10.1.6.3,103.242.182.119,9848,17136,57145,2130759884,0x695F8610
1695711130.182840,10.1.6.3,103.242.182.119,9848,17136,57146,2130760044,0x695F8610
1695711130.203130,10.1.6.3,103.242.182.119,9848,17136,57147,2130760204,0x695F8610
1695711130.223520,10.1.6.3,103.242.182.119,9848,17136,57148,2130760364,0x695F8610
1695711130.242870,10.1.6.3,103.242.182.119,9848,17136,57149,2130760524,0x695F8610
1695711130.263300,10.1.6.3,103.242.182.119,9848,17136,57150,2130760684,0x695F8610
1695711130.283540,10.1.6.3,103.242.182.119,9848,17136,57151,2130760844,0x695F8610
1695711130.302880,10.1.6.3,103.242.182.119,9848,17136,57152,2130761004,0x695F8610
1695711130.323170,10.1.6.3,103.242.182.119,9848,17136,57153,2130761164,0x695F8610
1695711130.342560,10.1.6.3,103.242.182.119,9848,17136,57154,2130761324,0x695F8610
1695711130.362800,10.1.6.3,103.242.182.119,9848,17136,57155,2130761484,0x695F8610
1695711130.383190,10.1.6.3,103.242.182.119,9848,17136,57156,2130761644,0x695F8610
1695711130.403500,10.1.6.3,103.242.182.119,9848,17136,57157,2130761804,0x695F8610
1695711130.422880,10.1.6.3,103.242.182.119,9848,17136,57158,2130761964,0x695F8610
1695711130.443170,10.1.6.3,103.242.182.119,9848,17136,57159,2130762124,0x695F8610
1695711130.463490,10.1.6.3,103.242.182.119,9848,17136,57160,2130762284,0x695F8610
1695711130.482720,10.1.6.3,103.242.182.119,9848,17136,57161,2130762444,0x695F8610
1695711130.503220,10.1.6.3,103.242.182.119,9848,17136,57162,2130762604,0x695F8610
1695711130.523510,10.1.6.3,103.242.182.119,9848,17136,57163,2130762764,0x695F8610
1695711130.542890,10.1.6.3,103.242.182.119,9848,17136,57164,2130762924,0x695F8610
1695711130.563140,10.1.6.3,103.242.182.119,9848,17136,57165,2130763084,0x695F8610
1695711130.583510,10.1.6.3,103.242.182.119,9848,17136,57166,2130763244,0x695F8610
1695711130.602750,10.1.6.3,103.242.182.119,9848,17136,57167,2130763404,0x695F8610
1695711130.623130,10.1.6.3,103.242.182.119,9848,17136,57168,2130763564,0x695F8610
1695711130.643400,10.1.6.3,103.242.182.119,9848,17136,57169,2130763724,0x695F8610
1695711130.662880,10.1.6.3,103.242.182.119,9848,17136,57170,2130763884,0x695F8610
1695711130.683220,10.1.6.3,103.242.182.119,9848,17136,57171,2130764044,0x695F8610
1695711130.702690,10.1.6.3,103.242.182.119,9848,17136,57172,2130764204,0x695F8610
1695711130.722990,10.1.6.3,103.242.182.119,9848,17136,57173,2130764364,0x695F8610
1695711130.743480,10.1.6.3,103.242.182.119,9848,17136,57174,2130764524,0x695F8610
1695711130.762880,10.1.6.3,103.242.182.119,9848,17136,57175,2130764684,0x695F8610
1695711130.783260,10.1.6.3,103.242.182.119,9848,17136,57176,2130764844,0x695F8610
1695711130.803530,10.1.6.3,103.242.182.119,9848,17136,57177,2130765004,0x695F8610
1695711130.822880,10.1.6.3,103.242.182.119,9848,17136,57178,2130765164,0x695F8610
1695711130.843120,10.1.6.3,103.242.182.119,9848,17136,57179,2130765324,0x695F8610
1695711130.863440,10.1.6.3,103.242.182.119,9848,17136,57180,2130765484,0x695F8610
1695711130.882730,10.1.6.3,103.242.182.119,9848,17136,57181,2130765644,0x695F8610
1695711130.903110,10.1.6.3,103.242.182.119,9848,17136,57182,2130765804,0x695F8610
1695711130.923430,10.1.6.3,103.242.182.119,9848,17136,57183,2130765964,0x695F8610
1695711130.942830,10.1.6.3,103.242.182.119,9848,17136,57184,2130766124,0x695F8610
1695711130.963120,10.1.6.3,103.242.182.119,9848,17136,57185,2130766284,0x695F8610
1695711130.983540,10.1.6.3,103.242.182.119,9848,17136,57186,2130766444,0x695F8610
1695711131.002900,10.1.6.3,103.242.182.119,9848,17136,57187,2130766604,0x695F8610
1695711131.023310,10.1.6.3,103.242.182.119,9848,17136,57188,2130766764,0x695F8610
1695711131.042640,10.1.6.3,103.242.182.119,9848,17136,57189,2130766924,0x695F8610
1695711131.062980,10.1.6.3,103.242.182.119,9848,17136,57190,2130767084,0x695F8610
1695711131.083280,10.1.6.3,103.242.182.119,9848,17136,57191,2130767244,0x695F8610
1695711131.102700,10.1.6.3,103.242.182.119,9848,17136,57192,2130767404,0x695F8610
1695711131.122940,10.1.6.3,103.242.182.119,9848,17136,57193,2130767564,0x695F8610
1695711131.143340,10.1.6.3,103.242.182.119,9848,17136,57194,2130767724,0x695F8610
1695711131.162630,10.1.6.3,103.242.182.119,9848,17136,57195,2130767884,0x695F8610
1695711131.183010,10.1.6.3,103.242.182.119,9848,17136,57196,2130768044,0x695F8610
1695711131.203300,10.1.6.3,103.242.182.119,9848,17136,57197,2130768204,0x695F8610
1695711131.222740,10.1.6.3,103.242.182.119,9848,17136,57198,2130768364,0x695F8610
1695711131.243030,10.1.6.3,103.242.182.119,9848,17136,57199,2130768524,0x695F8610
1695711131.263480,10.1.6.3,103.242.182.119,9848,17136,57200,2130768684,0x695F8610
1695711131.282760,10.1.6.3,103.242.182.119,9848,17136,57201,2130768844,0x695F8610
1695711131.303140,10.1.6.3,103.242.182.119,9848,17136,57202,2130769004,0x695F8610
1695711131.323380,10.1.6.3,103.242.182.119,9848,17136,57203,2130769164,0x695F8610
1695711131.342770,10.1.6.3,103.242.182.119,9848,17136,57204,2130769324,0x695F8610
1695711131.363060,10.1.6.3,103.242.182.119,9848,17136,57205,2130769484,0x695F8610
1695711131.383490,10.1.6.3,103.242.182.119,9848,17136,57206,2130769644,0x695F8610
1695711131.402840,10.1.6.3,103.242.182.119,9848,17136,57207,2130769804,0x695F8610
1695711131.423240,10.1.6.3,103.242.182.119,9848,17136,57208,2130769964,0x695F8610
1695711131.443480,10.1.6.3,103.242.182.119,9848,17136,57209,2130770124,0x695F8610
1695711131.462860,10.1.6.3,103.242.182.119,9848,17136,57210,2130770284,0x695F8610
1695711131.483150,10.1.6.3,103.242.182.119,9848,17136,57211,2130770444,0x695F8610
1695711131.503660,10.1.6.3,103.242.182.119,9848,17136,57212,2130770604,0x695F8610
1695711131.522950,10.1.6.3,103.242.182.119,9848,17136,57213,2130770764,0x695F8610
1695711131.543340,10.1.6.3,103.242.182.119,9848,17136,57214,2130770924,0x695F8610
1695711131.562610,10.1.6.3,103.242.182.119,9848,17136,57215,2130771084,0x695F8610
1695711131.582980,10.1.6.3,103.242.182.119,9848,17136,57216,2130771244,0x695F8610
1695711131.603270,10.1.6.3,103.242.182.119,9848,17136,57217,2130771404,0x695F8610
1695711131.622630,10.1.6.3,103.242.182.119,9848,17136,57218,2130771564,0x695F8610
1695711131.642910,10.1.6.3,103.242.182.119,9848,17136,57219,2130771724,0x695F8610
1695711131.663280,10.1.6.3,103.242.182.119,9848,17136,57220,2130771884,0x695F8610
1695711131.683530,10.1.6.3,103.242.182.119,9848,17136,57221,2130772044,0x695F8610
1695711131.702920,10.1.6.3,103.242.182.119,9848,17136,57222,2130772204,0x695F8610
1695711131.723150,10.1.6.3,103.242.182.119,9848,17136,57223,2130772364,0x695F8610
1695711131.743540,10.1.6.3,103.242.182.119,9848,17136,57224,2130772524,0x695F8610
1695711131.762920,10.1.6.3,103.242.182.119,9848,17136,57225,2130772684,0x695F8610
1695711131.783300,10.1.6.3,103.242.182.119,9848,17136,57226,2130772844,0x695F8610
1695711131.803570,10.1.6.3,103.242.182.119,9848,17136,57227,2130773004,0x695F8610
1695711131.822930,10.1.6.3,103.242.182.119,9848,17136,57228,2130773164,0x695F8610
1695711131.843170,10.1.6.3,103.242.182.119,9848,17136,57229,2130773324,0x695F8610
1695711131.863500,10.1.6.3,103.242.182.119,9848,17136,57230,2130773484,0x695F8610
1695711131.882730,10.1.6.3,103.242.182.119,9848,17136,57231,2130773644,0x695F8610
1695711131.903100,10.1.6.3,103.242.182.119,9848,17136,57232,2130773804,0x695F8610
1695711131.923340,10.1.6.3,103.242.182.119,9848,17136,57233,2130773964,0x695F8610
1695711131.942680,10.1.6.3,103.242.182.119,9848,17136,57234,2130774124,0x695F8610
1695711131.962920,10.1.6.3,103.242.182.119,9848,17136,57235,2130774284,0x695F8610
1695711131.983360,10.1.6.3,103.242.182.119,9848,17136,57236,2130774444,0x695F8610
1695711132.002660,10.1.6.3,103.242.182.119,9848,17136,57237,2130774604,0x695F8610
1695711132.023230,10.1.6.3,103.242.182.119,9848,17136,57238,2130774764,0x695F8610
1695711132.043520,10.1.6.3,103.242.182.119,9848,17136,57239,2130774924,0x695F8610
1695711132.062860,10.1.6.3,103.242.182.119,9848,17136,57240,2130775084,0x695F8610
1695711132.083110,10.1.6.3,103.242.182.119,9848,17136,57241,2130775244,0x695F8610
1695711132.103540,10.1.6.3,103.242.182.119,9848,17136,57242,2130775404,0x695F8610
1695711132.122790,10.1.6.3,103.242.182.119,9848,17136,57243,2130775564,0x695F8610
1695711132.143170,10.1.6.3,103.242.182.119,9848,17136,57244,2130775724,0x695F8610
1695711132.163410,10.1.6.3,103.242.182.119,9848,17136,57245,2130775884,0x695F8610
1695711132.182730,10.1.6.3,103.242.182.119,9848,17136,57246,2130776044,0x695F8610
1695711132.203030,10.1.6.3,103.242.182.119,9848,17136,57247,2130776204,0x695F8610
1695711132.223420,10.1.6.3,103.242.182.119,9848,17136,57248,2130776364,0x695F8610
1695711132.242670,10.1.6.3,103.242.182.119,9848,17136,57249,2130776524,0x695F8610
1695711132.262990,10.1.6.3,103.242.182.119,9848,17136,57250,2130776684,0x695F8610
1695711132.283270,10.1.6.3,103.242.182.119,9848,17136,57251,2130776844,0x695F8610
1695711132.302750,10.1.6.3,103.242.182.119,9848,17136,57252,2130777004,0x695F8610
1695711132.323040,10.1.6.3,103.242.182.119,9848,17136,57253,2130777164,0x695F8610
1695711132.343450,10.1.6.3,103.242.182.119,9848,17136,57254,2130777324,0x695F8610
1695711132.362690,10.1.6.3,103.242.182.119,9848,17136,57255,2130777484,0x695F8610
1695711132.383050,10.1.6.3,103.242.182.119,9848,17136,57256,2130777644,0x695F8610
1695711132.403330,10.1.6.3,103.242.182.119,9848,17136,57257,2130777804,0x695F8610
1695711132.422640,10.1.6.3,103.242.182.119,9848,17136,57258,2130777964,0x695F8610
1695711132.442940,10.1.6.3,103.242.182.119,9848,17136,57259,2130778124,0x695F8610
1695711132.463350,10.1.6.3,103.242.182.119,9848,17136,57260,2130778284,0x695F8610
1695711132.482630,10.1.6.3,103.242.182.119,9848,17136,57261,2130778444,0x695F8610
1695711132.503050,10.1.6.3,103.242.182.119,9848,17136,57262,2130778604,0x695F8610
1695711132.523420,10.1.6.3,103.242.182.119,9848,17136,57263,2130778764,0x695F8610
1695711132.542930,10.1.6.3,103.242.182.119,9848,17136,57264,2130778924,0x695F8610
1695711132.563260,10.1.6.3,103.242.182.119,9848,17136,57265,2130779084,0x695F8610
1695711132.582660,10.1.6.3,103.242.182.119,9848,17136,57266,2130779244,0x695F8610
1695711132.602960,10.1.6.3,103.242.182.119,9848,17136,57267,2130779404,0x695F8610
1695711132.623340,10.1.6.3,103.242.182.119,9848,17136,57268,2130779564,0x695F8610
1695711132.642670,10.1.6.3,103.242.182.119,9848,17136,57269,2130779724,0x695F8610
1695711132.663070,10.1.6.3,103.242.182.119,9848,17136,57270,2130779884,0x695F8610
1695711132.683360,10.1.6.3,103.242.182.119,9848,17136,57271,2130780044,0x695F8610
1695711132.702870,10.1.6.3,103.242.182.119,9848,17136,57272,2130780204,0x695F8610
1695711132.723260,10.1.6.3,103.242.182.119,9848,17136,57273,2130780364,0x695F8610
1695711132.742740,10.1.6.3,103.242.182.119,9848,17136,57274,2130780524,0x695F8610
1695711132.763080,10.1.6.3,103.242.182.119,9848,17136,57275,2130780684,0x695F8610
1695711132.783510,10.1.6.3,103.242.182.119,9848,17136,57276,2130780844,0x695F8610
1695711132.802900,10.1.6.3,103.242.182.119,9848,17136,57277,2130781004,0x695F8610
1695711132.823360,10.1.6.3,103.242.182.119,9848,17136,57278,2130781164,0x695F8610
1695711132.842650,10.1.6.3,103.242.182.119,9848,17136,57279,2130781324,0x695F8610
1695711132.863020,10.1.6.3,103.242.182.119,9848,17136,57280,2130781484,0x695F8610
1695711132.883380,10.1.6.3,103.242.182.119,9848,17136,57281,2130781644,0x695F8610
1695711132.902770,10.1.6.3,103.242.182.119,9848,17136,57282,2130781804,0x695F8610
1695711132.923100,10.1.6.3,103.242.182.119,9848,17136,57283,2130781964,0x695F8610
1695711132.943460,10.1.6.3,103.242.182.119,9848,17136,57284,2130782124,0x695F8610
1695711132.962730,10.1.6.3,103.242.182.119,9848,17136,57285,2130782284,0x695F8610
1695711132.983160,10.1.6.3,103.242.182.119,9848,17136,57286,2130782444,0x695F8610
1695711133.003440,10.1.6.3,103.242.182.119,9848,17136,57287,2130782604,0x695F8610
1695711133.022940,10.1.6.3,103.242.182.119,9848,17136,57288,2130782764,0x695F8610
1695711133.043230,10.1.6.3,103.242.182.119,9848,17136,57289,2130782924,0x695F8610
1695711133.062690,10.1.6.3,103.242.182.119,9848,17136,57290,2130783084,0x695F8610
1695711133.083010,10.1.6.3,103.242.182.119,9848,17136,57291,2130783244,0x695F8610
1695711133.103380,10.1.6.3,103.242.182.119,9848,17136,57292,2130783404,0x695F8610
1695711133.122600,10.1.6.3,103.242.182.119,9848,17136,57293,2130783564,0x695F8610
1695711133.142950,10.1.6.3,103.242.182.119,9848,17136,57294,2130783724,0x695F8610
1695711133.163190,10.1.6.3,103.242.182.119,9848,17136,57295,2130783884,0x695F8610
1695711133.182650,10.1.6.3,103.242.182.119,9848,17136,57296,2130784044,0x695F8610
1695711133.202930,10.1.6.3,103.242.182.119,9848,17136,57297,2130784204,0x695F8610
1695711133.223360,10.1.6.3,103.242.182.119,9848,17136,57298,2130784364,0x695F8610
1695711133.242600,10.1.6.3,103.242.182.119,9848,17136,57299,2130784524,0x695F8610
1695711133.263030,10.1.6.3,103.242.182.119,9848,17136,57300,2130784684,0x695F8610
1695711133.283310,10.1.6.3,103.242.182.119,9848,17136,57301,2130784844,0x695F8610
1695711133.302790,10.1.6.3,103.242.182.119,9848,17136,57302,2130785004,0x695F8610
1695711133.323080,10.1.6.3,103.242.182.119,9848,17136,57303,2130785164,0x695F8610
1695711133.343550,10.1.6.3,103.242.182.119,9848,17136,57304,2130785324,0x695F8610
1695711133.362790,10.1.6.3,103.242.182.119,9848,17136,57305,2130785484,0x695F8610
1695711133.383230,10.1.6.3,103.242.182.119,9848,17136,57306,2130785644,0x695F8610
1695711133.402610,10.1.6.3,103.242.182.119,9848,17136,57307,2130785804,0x695F8610
1695711133.423010,10.1.6.3,103.242.182.119,9848,17136,57308,2130785964,0x695F8610
1695711133.443270,10.1.6.3,103.242.182.119,9848,17136,57309,2130786124,0x695F8610
1695711133.462700,10.1.6.3,103.242.182.119,9848,17136,57310,2130786284,0x695F8610
1695711133.483040,10.1.6.3,103.242.182.119,9848,17136,57311,2130786444,0x695F8610
1695711133.503410,10.1.6.3,103.242.182.119,9848,17136,57312,2130786604,0x695F8610
1695711133.522720,10.1.6.3,103.242.182.119,9848,17136,57313,2130786764,0x695F8610
1695711133.543110,10.1.6.3,103.242.182.119,9848,17136,57314,2130786924,0x695F8610
1695711133.563500,10.1.6.3,103.242.182.119,9848,17136,57315,2130787084,0x695F8610
1695711133.582930,10.1.6.3,103.242.182.119,9848,17136,57316,2130787244,0x695F8610
1695711133.603220,10.1.6.3,103.242.182.119,9848,17136,57317,2130787404,0x695F8610
1695711133.622620,10.1.6.3,103.242.182.119,9848,17136,57318,2130787564,0x695F8610
1695711133.642910,10.1.6.3,103.242.182.119,9848,17136,57319,2130787724,0x695F8610
1695711133.663360,10.1.6.3,103.242.182.119,9848,17136,57320,2130787884,0x695F8610
1695711133.682620,10.1.6.3,103.242.182.119,9848,17136,57321,2130788044,0x695F8610
1695711133.702970,10.1.6.3,103.242.182.119,9848,17136,57322,2130788204,0x695F8610
1695711133.723200,10.1.6.3,103.242.182.119,9848,17136,57323,2130788364,0x695F8610
1695711133.743580,10.1.6.3,103.242.182.119,9848,17136,57324,2130788524,0x695F8610
1695711133.762870,10.1.6.3,103.242.182.119,9848,17136,57325,2130788684,0x695F8610
1695711133.783240,10.1.6.3,103.242.182.119,9848,17136,57326,2130788844,0x695F8610
1695711133.803530,10.1.6.3,103.242.182.119,9848,17136,57327,2130789004,0x695F8610
1695711133.823090,10.1.6.3,103.242.182.119,9848,17136,57328,2130789164,0x695F8610
1695711133.843380,10.1.6.3,103.242.182.119,9848,17136,57329,2130789324,0x695F8610
1695711133.862800,10.1.6.3,103.242.182.119,9848,17136,57330,2130789484,0x695F8610
1695711133.883100,10.1.6.3,103.242.182.119,9848,17136,57331,2130789644,0x695F8610
1695711133.903530,10.1.6.3,103.242.182.119,9848,17136,57332,2130789804,0x695F8610
1695711133.922820,10.1.6.3,103.242.182.119,9848,17136,57333,2130789964,0x695F8610
1695711133.943200,10.1.6.3,103.242.182.119,9848,17136,57334,2130790124,0x695F8610
1695711133.963460,10.1.6.3,103.242.182.119,9848,17136,57335,2130790284,0x695F8610
1695711133.982810,10.1.6.3,103.242.182.119,9848,17136,57336,2130790444,0x695F8610
1695711134.003130,10.1.6.3,103.242.182.119,9848,17136,57337,2130790604,0x695F8610
1695711134.023500,10.1.6.3,103.242.182.119,9848,17136,57338,2130790764,0x695F8610
1695711134.042790,10.1.6.3,103.242.182.119,9848,17136,57339,2130790924,0x695F8610
1695711134.063350,10.1.6.3,103.242.182.119,9848,17136,57340,2130791084,0x695F8610
1695711134.082660,10.1.6.3,103.242.182.119,9848,17136,57341,2130791244,0x695F8610
1695711134.103090,10.1.6.3,103.242.182.119,9848,17136,57342,2130791404,0x695F8610
1695711134.123400,10.1.6.3,103.242.182.119,9848,17136,57343,2130791564,0x695F8610
1695711134.142790,10.1.6.3,103.242.182.119,9848,17136,57344,2130791724,0x695F8610
1695711134.163090,10.1.6.3,103.242.182.119,9848,17136,57345,2130791884,0x695F8610
1695711134.183530,10.1.6.3,103.242.182.119,9848,17136,57346,2130792044,0x695F8610
1695711134.202880,10.1.6.3,103.242.182.119,9848,17136,57347,2130792204,0x695F8610
1695711134.223280,10.1.6.3,103.242.182.119,9848,17136,57348,2130792364,0x695F8610
1695711134.243590,10.1.6.3,103.242.182.119,9848,17136,57349,2130792524,0x695F8610
1695711134.263080,10.1.6.3,103.242.182.119,9848,17136,57350,2130792684,0x695F8610
1695711134.283380,10.1.6.3,103.242.182.119,9848,17136,57351,2130792844,0x695F8610
1695711134.302780,10.1.6.3,103.242.182.119,9848,17136,57352,2130793004,0x695F8610
1695711134.323040,10.1.6.3,103.242.182.119,9848,17136,57353,2130793164,0x695F8610
1695711134.343560,10.1.6.3,103.242.182.119,9848,17136,57354,2130793324,0x695F8610
1695711134.362850,10.1.6.3,103.242.182.119,9848,17136,57355,2130793484,0x695F8610
1695711134.383280,10.1.6.3,103.242.182.119,9848,17136,57356,2130793644,0x695F8610
1695711134.403570,10.1.6.3,103.242.182.119,9848,17136,57357,2130793804,0x695F8610
1695711134.423000,10.1.6.3,103.242.182.119,9848,17136,57358,2130793964,0x695F8610
1695711134.443290,10.1.6.3,103.242.182.119,9848,17136,57359,2130794124,0x695F8610
1695711134.462690,10.1.6.3,103.242.182.119,9848,17136,57360,2130794284,0x695F8610
1695711134.482990,10.1.6.3,103.242.182.119,9848,17136,57361,2130794444,0x695F8610
1695711134.503370,10.1.6.3,103.242.182.119,9848,17136,57362,2130794604,0x695F8610
1695711134.522650,10.1.6.3,103.242.182.119,9848,17136,57363,2130794764,0x695F8610
1695711134.543020,10.1.6.3,103.242.182.119,9848,17136,57364,2130794924,0x695F8610
1695711134.563290,10.1.6.3,103.242.182.119,9848,17136,57365,2130795084,0x695F8610
1695711134.582800,10.1.6.3,103.242.182.119,9848,17136,57366,2130795244,0x695F8610
1695711134.603080,10.1.6.3,103.242.182.119,9848,17136,57367,2130795404,0x695F8610
1695711134.623430,10.1.6.3,103.242.182.119,9848,17136,57368,2130795564,0x695F8610
1695711134.642770,10.1.6.3,103.242.182.119,9848,17136,57369,2130795724,0x695F8610
1695711134.663290,10.1.6.3,103.242.182.119,9848,17136,57370,2130795884,0x695F8610
1695711134.683560,10.1.6.3,103.242.182.119,9848,17136,57371,2130796044,0x695F8610
1695711134.703020,10.1.6.3,103.242.182.119,9848,17136,57372,2130796204,0x695F8610
1695711134.723300,10.1.6.3,103.242.182.119,9848,17136,57373,2130796364,0x695F8610
1695711134.742670,10.1.6.3,103.242.182.119,9848,17136,57374,2130796524,0x695F8610
1695711134.762970,10.1.6.3,103.242.182.119,9848,17136,57375,2130796684,0x695F8610
1695711134.783420,10.1.6.3,103.242.182.119,9848,17136,57376,2130796844,0x695F8610
1695711134.802740,10.1.6.3,103.242.182.119,9848,17136,57377,2130797004,0x695F8610
1695711134.823210,10.1.6.3,103.242.182.119,9848,17136,57378,2130797164,0x695F8610
1695711134.843630,10.1.6.3,103.242.182.119,9848,17136,57379,2130797324,0x695F8610
1695711134.863020,10.1.6.3,103.242.182.119,9848,17136,57380,2130797484,0x695F8610
1695711134.883360,10.1.6.3,103.242.182.119,9848,17136,57381,2130797644,0x695F8610
1695711134.902750,10.1.6.3,103.242.182.119,9848,17136,57382,2130797804,0x695F8610
1695711134.923080,10.1.6.3,103.242.182.119,9848,17136,57383,2130797964,0x695F8610
1695711134.943430,10.1.6.3,103.242.182.119,9848,17136,57384,2130798124,0x695F8610
1695711134.962720,10.1.6.3,103.242.182.119,9848,17136,57385,2130798284,0x695F8610
1695711134.983080,10.1.6.3,103.242.182.119,9848,17136,57386,2130798444,0x695F8610
1695711135.003360,10.1.6.3,103.242.182.119,9848,17136,57387,2130798604,0x695F8610
1695711135.022780,10.1.6.3,103.242.182.119,9848,17136,57388,2130798764,0x695F8610
1695711135.043090,10.1.6.3,103.242.182.119,9848,17136,57389,2130798924,0x695F8610
1695711135.063570,10.1.6.3,103.242.182.119,9848,17136,57390,2130799084,0x695F8610
1695711135.082910,10.1.6.3,103.242.182.119,9848,17136,57391,2130799244,0x695F8610
1695711135.103510,10.1.6.3,103.242.182.119,9848,17136,57392,2130799404,0x695F8610
1695711135.122850,10.1.6.3,103.242.182.119,9848,17136,57393,2130799564,0x695F8610
1695711135.143180,10.1.6.3,103.242.182.119,9848,17136,57394,2130799724,0x695F8610
1695711135.163410,10.1.6.3,103.242.182.119,9848,17136,57395,2130799884,0x695F8610
1695711135.182740,10.1.6.3,103.242.182.119,9848,17136,57396,2130800044,0x695F8610
1695711135.203050,10.1.6.3,103.242.182.119,9848,17136,57397,2130800204,0x695F8610
1695711135.223430,10.1.6.3,103.242.182.119,9848,17136,57398,2130800364,0x695F8610
1695711135.242720,10.1.6.3,103.242.182.119,9848,17136,57399,2130800524,0x695F8610
1695711135.263050,10.1.6.3,103.242.182.119,9848,17136,57400,2130800684,0x695F8610
1695711135.283330,10.1.6.3,103.242.182.119,9848,17136,57401,2130800844,0x695F8610
1695711135.302750,10.1.6.3,103.242.182.119,9848,17136,57402,2130801004,0x695F8610
1695711135.323060,10.1.6.3,103.242.182.119,9848,17136,57403,2130801164,0x695F8610
1695711135.343410,10.1.6.3,103.242.182.119,9848,17136,57404,2130801324,0x695F8610
1695711135.362790,10.1.6.3,103.242.182.119,9848,17136,57405,2130801484,0x695F8610
1695711135.383160,10.1.6.3,103.242.182.119,9848,17136,57406,2130801644,0x695F8610
1695711135.403450,10.1.6.3,103.242.182.119,9848,17136,57407,2130801804,0x695F8610
1695711135.422910,10.1.6.3,103.242.182.119,9848,17136,57408,2130801964,0x695F8610
1695711135.443230,10.1.6.3,103.242.182.119,9848,17136,57409,2130802124,0x695F8610
1695711135.462570,10.1.6.3,103.242.182.119,9848,17136,57410,2130802284,0x695F8610
1695711135.482860,10.1.6.3,103.242.182.119,9848,17136,57411,2130802444,0x695F8610
1695711135.503270,10.1.6.3,103.242.182.119,9848,17136,57412,2130802604,0x695F8610
1695711135.523600,10.1.6.3,103.242.182.119,9848,17136,57413,2130802764,0x695F8610
1695711135.542980,10.1.6.3,103.242.182.119,9848,17136,57414,2130802924,0x695F8610
1695711135.563260,10.1.6.3,103.242.182.119,9848,17136,57415,2130803084,0x695F8610
1695711135.582700,10.1.6.3,103.242.182.119,9848,17136,57416,2130803244,0x695F8610
1695711135.602940,10.1.6.3,103.242.182.119,9848,17136,57417,2130803404,0x695F8610
1695711135.623340,10.1.6.3,103.242.182.119,9848,17136,57418,2130803564,0x695F8610
1695711135.642570,10.1.6.3,103.242.182.119,9848,17136,57419,2130803724,0x695F8610
1695711135.662880,10.1.6.3,103.242.182.119,9848,17136,57420,2130803884,0x695F8610
1695711135.683100,10.1.6.3,103.242.182.119,9848,17136,57421,2130804044,0x695F8610
1695711135.703470,10.1.6.3,103.242.182.119,9848,17136,57422,2130804204,0x695F8610
1695711135.722750,10.1.6.3,103.242.182.119,9848,17136,57423,2130804364,0x695F8610
1695711135.743200,10.1.6.3,103.242.182.119,9848,17136,57424,2130804524,0x695F8610
1695711135.763490,10.1.6.3,103.242.182.119,9848,17136,57425,2130804684,0x695F8610
1695711135.782810,10.1.6.3,103.242.182.119,9848,17136,57426,2130804844,0x695F8610
1695711135.803120,10.1.6.3,103.242.182.119,9848,17136,57427,2130805004,0x695F8610
1695711135.823440,10.1.6.3,103.242.182.119,9848,17136,57428,2130805164,0x695F8610
1695711135.842730,10.1.6.3,103.242.182.119,9848,17136,57429,2130805324,0x695F8610
1695711135.863100,10.1.6.3,103.242.182.119,9848,17136,57430,2130805484,0x695F8610
1695711135.883520,10.1.6.3,103.242.182.119,9848,17136,57431,2130805644,0x695F8610
1695711135.902850,10.1.6.3,103.242.182.119,9848,17136,57432,2130805804,0x695F8610
1695711135.923080,10.1.6.3,103.242.182.119,9848,17136,57433,2130805964,0x695F8610
1695711135.943430,10.1.6.3,103.242.182.119,9848,17136,57434,2130806124,0x695F8610
1695711135.962720,10.1.6.3,103.242.182.119,9848,17136,57435,2130806284,0x695F8610
1695711135.983090,10.1.6.3,103.242.182.119,9848,17136,57436,2130806444,0x695F8610
1695711136.003330,10.1.6.3,103.242.182.119,9848,17136,57437,2130806604,0x695F8610
1695711136.022700,10.1.6.3,103.242.182.119,9848,17136,57438,2130806764,0x695F8610
1695711136.043000,10.1.6.3,103.242.182.119,9848,17136,57439,2130806924,0x695F8610
1695711136.063410,10.1.6.3,103.242.182.119,9848,17136,57440,2130807084,0x695F8610
1695711136.082710,10.1.6.3,103.242.182.119,9848,17136,57441,2130807244,0x695F8610
1695711136.103040,10.1.6.3,103.242.182.119,9848,17136,57442,2130807404,0x695F8610
1695711136.123420,10.1.6.3,103.242.182.119,9848,17136,57443,2130807564,0x695F8610
1695711136.142770,10.1.6.3,103.242.182.119,9848,17136,57444,2130807724,0x695F8610
1695711136.163060,10.1.6.3,103.242.182.119,9848,17136,57445,2130807884,0x695F8610
1695711136.183420,10.1.6.3,103.242.182.119,9848,17136,57446,2130808044,0x695F8610
1695711136.202670,10.1.6.3,103.242.182.119,9848,17136,57447,2130808204,0x695F8610
1695711136.223060,10.1.6.3,103.242.182.119,9848,17136,57448,2130808364,0x695F8610
1695711136.243370,10.1.6.3,103.242.182.119,9848,17136,57449,2130808524,0x695F8610
1695711136.262750,10.1.6.3,103.242.182.119,9848,17136,57450,2130808684,0x695F8610
1695711136.283050,10.1.6.3,103.242.182.119,9848,17136,57451,2130808844,0x695F8610
1695711136.303440,10.1.6.3,103.242.182.119,9848,17136,57452,2130809004,0x695F8610
1695711136.322680,10.1.6.3,103.242.182.119,9848,17136,57453,2130809164,0x695F8610
1695711136.343110,10.1.6.3,103.242.182.119,9848,17136,57454,2130809324,0x695F8610
1695711136.363400,10.1.6.3,103.242.182.119,9848,17136,57455,2130809484,0x695F8610
1695711136.382900,10.1.6.3,103.242.182.119,9848,17136,57456,2130809644,0x695F8610
1695711136.403160,10.1.6.3,103.242.182.119,9848,17136,57457,2130809804,0x695F8610
1695711136.423530,10.1.6.3,103.242.182.119,9848,17136,57458,2130809964,0x695F8610
1695711136.442820,10.1.6.3,103.242.182.119,9848,17136,57459,2130810124,0x695F8610
1695711136.463220,10.1.6.3,103.242.182.119,9848,17136,57460,2130810284,0x695F8610
1695711136.483520,10.1.6.3,103.242.182.119,9848,17136,57461,2130810444,0x695F8610
1695711136.502870,10.1.6.3,103.242.182.119,9848,17136,57462,2130810604,0x695F8610
1695711136.523200,10.1.6.3,103.242.182.119,9848,17136,57463,2130810764,0x695F8610
1695711136.542630,10.1.6.3,103.242.182.119,9848,17136,57464,2130810924,0x695F8610
1695711136.562910,10.1.6.3,103.242.182.119,9848,17136,57465,2130811084,0x695F8610
1695711136.583300,10.1.6.3,103.242.182.119,9848,17136,57466,2130811244,0x695F8610
1695711136.603590,10.1.6.3,103.242.182.119,9848,17136,57467,2130811404,0x695F8610
1695711136.623060,10.1.6.3,103.242.182.119,9848,17136,57468,2130811564,0x695F8610
1695711136.643330,10.1.6.3,103.242.182.119,9848,17136,57469,2130811724,0x695F8610
1695711136.662750,10.1.6.3,103.242.182.119,9848,17136,57470,2130811884,0x695F8610
1695711136.683040,10.1.6.3,103.242.182.119,9848,17136,57471,2130812044,0x695F8610
1695711136.703410,10.1.6.3,103.242.182.119,9848,17136,57472,2130812204,0x695F8610
1695711136.722700,10.1.6.3,103.242.182.119,9848,17136,57473,2130812364,0x695F8610
1695711136.743090,10.1.6.3,103.242.182.119,9848,17136,57474,2130812524,0x695F8610
1695711136.763360,10.1.6.3,103.242.182.119,9848,17136,57475,2130812684,0x695F8610
1695711136.782720,10.1.6.3,103.242.182.119,9848,17136,57476,2130812844,0x695F8610
1695711136.803060,10.1.6.3,103.242.182.119,9848,17136,57477,2130813004,0x695F8610
1695711136.823440,10.1.6.3,103.242.182.119,9848,17136,57478,2130813164,0x695F8610
1695711136.842730,10.1.6.3,103.242.182.119,9848,17136,57479,2130813324,0x695F8610
1695711136.863100,10.1.6.3,103.242.182.119,9848,17136,57480,2130813484,0x695F8610
1695711136.883360,10.1.6.3,103.242.182.119,9848,17136,57481,2130813644,0x695F8610
1695711136.902850,10.1.6.3,103.242.182.119,9848,17136,57482,2130813804,0x695F8610
1695711136.923130,10.1.6.3,103.242.182.119,9848,17136,57483,2130813964,0x695F8610
1695711136.943560,10.1.6.3,103.242.182.119,9848,17136,57484,2130814124,0x695F8610
1695711136.962830,10.1.6.3,103.242.182.119,9848,17136,57485,2130814284,0x695F8610
1695711136.983250,10.1.6.3,103.242.182.119,9848,17136,57486,2130814444,0x695F8610
1695711137.003550,10.1.6.3,103.242.182.119,9848,17136,57487,2130814604,0x695F8610
1695711137.022930,10.1.6.3,103.242.182.119,9848,17136,57488,2130814764,0x695F8610
1695711137.043290,10.1.6.3,103.242.182.119,9848,17136,57489,2130814924,0x695F8610
1695711137.062660,10.1.6.3,103.242.182.119,9848,17136,57490,2130815084,0x695F8610
1695711137.082940,10.1.6.3,103.242.182.119,9848,17136,57491,2130815244,0x695F8610
1695711137.103320,10.1.6.3,103.242.182.119,9848,17136,57492,2130815404,0x695F8610
1695711137.122600,10.1.6.3,103.242.182.119,9848,17136,57493,2130815564,0x695F8610
1695711137.143060,10.1.6.3,103.242.182.119,9848,17136,57494,2130815724,0x695F8610
1695711137.163390,10.1.6.3,103.242.182.119,9848,17136,57495,2130815884,0x695F8610
1695711137.182750,10.1.6.3,103.242.182.119,9848,17136,57496,2130816044,0x695F8610
1695711137.203090,10.1.6.3,103.242.182.119,9848,17136,57497,2130816204,0x695F8610
1695711137.223460,10.1.6.3,103.242.182.119,9848,17136,57498,2130816364,0x695F8610
1695711137.242770,10.1.6.3,103.242.182.119,9848,17136,57499,2130816524,0x695F8610
1695711137.263160,10.1.6.3,103.242.182.119,9848,17136,57500,2130816684,0x695F8610
1695711137.283510,10.1.6.3,103.242.182.119,9848,17136,57501,2130816844,0x695F8610
1695711137.302930,10.1.6.3,103.242.182.119,9848,17136,57502,2130817004,0x695F8610
1695711137.323230,10.1.6.3,103.242.182.119,9848,17136,57503,2130817164,0x695F8610
1695711137.342650,10.1.6.3,103.242.182.119,9848,17136,57504,2130817324,0x695F8610
1695711137.362950,10.1.6.3,103.242.182.119,9848,17136,57505,2130817484,0x695F8610
1695711137.383370,10.1.6.3,103.242.182.119,9848,17136,57506,2130817644,0x695F8610
1695711137.402770,10.1.6.3,103.242.182.119,9848,17136,57507,2130817804,0x695F8610
1695711137.423230,10.1.6.3,103.242.182.119,9848,17136,57508,2130817964,0x695F8610
1695711137.443570,10.1.6.3,103.242.182.119,9848,17136,57509,2130818124,0x695F8610
1695711137.462900,10.1.6.3,103.242.182.119,9848,17136,57510,2130818284,0x695F8610
1695711137.483190,10.1.6.3,103.242.182.119,9848,17136,57511,2130818444,0x695F8610
1695711137.502570,10.1.6.3,103.242.182.119,9848,17136,57512,2130818604,0x695F8610
1695711137.522840,10.1.6.3,103.242.182.119,9848,17136,57513,2130818764,0x695F8610
1695711137.543210,10.1.6.3,103.242.182.119,9848,17136,57514,2130818924,0x695F8610
1695711137.563540,10.1.6.3,103.242.182.119,9848,17136,57515,2130819084,0x695F8610
1695711137.582890,10.1.6.3,103.242.182.119,9848,17136,57516,2130819244,0x695F8610
1695711137.603220,10.1.6.3,103.242.182.119,9848,17136,57517,2130819404,0x695F8610
1695711137.622580,10.1.6.3,103.242.182.119,9848,17136,57518,2130819564,0x695F8610
1695711137.642840,10.1.6.3,103.242.182.119,9848,17136,57519,2130819724,0x695F8610
1695711137.663290,10.1.6.3,103.242.182.119,9848,17136,57520,2130819884,0x695F8610
1695711137.683570,10.1.6.3,103.242.182.119,9848,17136,57521,2130820044,0x695F8610
1695711137.702980,10.1.6.3,103.242.182.119,9848,17136,57522,2130820204,0x695F8610
1695711137.723240,10.1.6.3,103.242.182.119,9848,17136,57523,2130820364,0x695F8610
1695711137.742660,10.1.6.3,103.242.182.119,9848,17136,57524,2130820524,0x695F8610
1695711137.762950,10.1.6.3,103.242.182.119,9848,17136,57525,2130820684,0x695F8610
1695711137.783320,10.1.6.3,103.242.182.119,9848,17136,57526,2130820844,0x695F8610
1695711137.802650,10.1.6.3,103.242.182.119,9848,17136,57527,2130821004,0x695F8610
1695711137.823010,10.1.6.3,103.242.182.119,9848,17136,57528,2130821164,0x695F8610
1695711137.843300,10.1.6.3,103.242.182.119,9848,17136,57529,2130821324,0x695F8610
1695711137.862650,10.1.6.3,103.242.182.119,9848,17136,57530,2130821484,0x695F8610
1695711137.882930,10.1.6.3,103.242.182.119,9848,17136,57531,2130821644,0x695F8610
1695711137.903340,10.1.6.3,103.242.182.119,9848,17136,57532,2130821804,0x695F8610
1695711137.922720,10.1.6.3,103.242.182.119,9848,17136,57533,2130821964,0x695F8610
1695711137.943090,10.1.6.3,103.242.182.119,9848,17136,57534,2130822124,0x695F8610
1695711137.963380,10.1.6.3,103.242.182.119,9848,17136,57535,2130822284,0x695F8610
1695711137.982800,10.1.6.3,103.242.182.119,9848,17136,57536,2130822444,0x695F8610
1695711138.003070,10.1.6.3,103.242.182.119,9848,17136,57537,2130822604,0x695F8610
1695711138.023440,10.1.6.3,103.242.182.119,9848,17136,57538,2130822764,0x695F8610
1695711138.042720,10.1.6.3,103.242.182.119,9848,17136,57539,2130822924,0x695F8610
1695711138.063200,10.1.6.3,103.242.182.119,9848,17136,57540,2130823084,0x695F8610
1695711138.083490,10.1.6.3,103.242.182.119,9848,17136,57541,2130823244,0x695F8610
1695711138.102920,10.1.6.3,103.242.182.119,9848,17136,57542,2130823404,0x695F8610
1695711138.123250,10.1.6.3,103.242.182.119,9848,17136,57543,2130823564,0x695F8610
1695711138.142670,10.1.6.3,103.242.182.119,9848,17136,57544,2130823724,0x695F8610
1695711138.163020,10.1.6.3,103.242.182.119,9848,17136,57545,2130823884,0x695F8610
1695711138.183440,10.1.6.3,103.242.182.119,9848,17136,57546,2130824044,0x695F8610
1695711138.202680,10.1.6.3,103.242.182.119,9848,17136,57547,2130824204,0x695F8610
1695711138.223010,10.1.6.3,103.242.182.119,9848,17136,57548,2130824364,0x695F8610
1695711138.243260,10.1.6.3,103.242.182.119,9848,17136,57549,2130824524,0x695F8610
1695711138.262660,10.1.6.3,103.242.182.119,9848,17136,57550,2130824684,0x695F8610
1695711138.282900,10.1.6.3,103.242.182.119,9848,17136,57551,2130824844,0x695F8610
1695711138.303290,10.1.6.3,103.242.182.119,9848,17136,57552,2130825004,0x695F8610
1695711138.323600,10.1.6.3,103.242.182.119,9848,17136,57553,2130825164,0x695F8610
1695711138.343030,10.1.6.3,103.242.182.119,9848,17136,57554,2130825324,0x695F8610
1695711138.363320,10.1.6.3,103.242.182.119,9848,17136,57555,2130825484,0x695F8610
1695711138.382640,10.1.6.3,103.242.182.119,9848,17136,57556,2130825644,0x695F8610
1695711138.402960,10.1.6.3,103.242.182.119,9848,17136,57557,2130825804,0x695F8610
1695711138.423320,10.1.6.3,103.242.182.119,9848,17136,57558,2130825964,0x695F8610
1695711138.442720,10.1.6.3,103.242.182.119,9848,17136,57559,2130826124,0x695F8610
1695711138.463120,10.1.6.3,103.242.182.119,9848,17136,57560,2130826284,0x695F8610
1695711138.483370,10.1.6.3,103.242.182.119,9848,17136,57561,2130826444,0x695F8610
1695711138.502700,10.1.6.3,103.242.182.119,9848,17136,57562,2130826604,0x695F8610
1695711138.522950,10.1.6.3,103.242.182.119,9848,17136,57563,2130826764,0x695F8610
1695711138.543410,10.1.6.3,103.242.182.119,9848,17136,57564,2130826924,0x695F8610
1695711138.562660,10.1.6.3,103.242.182.119,9848,17136,57565,2130827084,0x695F8610
1695711138.583040,10.1.6.3,103.242.182.119,9848,17136,57566,2130827244,0x695F8610
1695711138.603290,10.1.6.3,103.242.182.119,9848,17136,57567,2130827404,0x695F8610
1695711138.622660,10.1.6.3,103.242.182.119,9848,17136,57568,2130827564,0x695F8610
1695711138.642950,10.1.6.3,103.242.182.119,9848,17136,57569,2130827724,0x695F8610
1695711138.663370,10.1.6.3,103.242.182.119,9848,17136,57570,2130827884,0x695F8610
1695711138.682750,10.1.6.3,103.242.182.119,9848,17136,57571,2130828044,0x695F8610
1695711138.703140,10.1.6.3,103.242.182.119,9848,17136,57572,2130828204,0x695F8610
1695711138.723420,10.1.6.3,103.242.182.119,9848,17136,57573,2130828364,0x695F8610
1695711138.742800,10.1.6.3,103.242.182.119,9848,17136,57574,2130828524,0x695F8610
1695711138.763120,10.1.6.3,103.242.182.119,9848,17136,57575,2130828684,0x695F8610
1695711138.783500,10.1.6.3,103.242.182.119,9848,17136,57576,2130828844,0x695F8610
1695711138.802840,10.1.6.3,103.242.182.119,9848,17136,57577,2130829004,0x695F8610
1695711138.823200,10.1.6.3,103.242.182.119,9848,17136,57578,2130829164,0x695F8610
1695711138.843470,10.1.6.3,103.242.182.119,9848,17136,57579,2130829324,0x695F8610
1695711138.862830,10.1.6.3,103.242.182.119,9848,17136,57580,2130829484,0x695F8610
1695711138.883120,10.1.6.3,103.242.182.119,9848,17136,57581,2130829644,0x695F8610
1695711138.903480,10.1.6.3,103.242.182.119,9848,17136,57582,2130829804,0x695F8610
1695711138.922770,10.1.6.3,103.242.182.119,9848,17136,57583,2130829964,0x695F8610
1695711138.943210,10.1.6.3,103.242.182.119,9848,17136,57584,2130830124,0x695F8610
1695711138.963530,10.1.6.3,103.242.182.119,9848,17136,57585,2130830284,0x695F8610
1695711138.982910,10.1.6.3,103.242.182.119,9848,17136,57586,2130830444,0x695F8610
1695711139.003170,10.1.6.3,103.242.182.119,9848,17136,57587,2130830604,0x695F8610
1695711139.022540,10.1.6.3,103.242.182.119,9848,17136,57588,2130830764,0x695F8610
1695711139.042830,10.1.6.3,103.242.182.119,9848,17136,57589,2130830924,0x695F8610
1695711139.063160,10.1.6.3,103.242.182.119,9848,17136,57590,2130831084,0x695F8610
1695711139.083450,10.1.6.3,103.242.182.119,9848,17136,57591,2130831244,0x695F8610
1695711139.102830,10.1.6.3,103.242.182.119,9848,17136,57592,2130831404,0x695F8610
1695711139.123120,10.1.6.3,103.242.182.119,9848,17136,57593,2130831564,0x695F8610
1695711139.143500,10.1.6.3,103.242.182.119,9848,17136,57594,2130831724,0x695F8610
1695711139.162740,10.1.6.3,103.242.182.119,9848,17136,57595,2130831884,0x695F8610
1695711139.183290,10.1.6.3,103.242.182.119,9848,17136,57596,2130832044,0x695F8610
1695711139.203530,10.1.6.3,103.242.182.119,9848,17136,57597,2130832204,0x695F8610
1695711139.222950,10.1.6.3,103.242.182.119,9848,17136,57598,2130832364,0x695F8610
1695711139.243190,10.1.6.3,103.242.182.119,9848,17136,57599,2130832524,0x695F8610
1695711139.263580,10.1.6.3,103.242.182.119,9848,17136,57600,2130832684,0x695F8610
1695711139.282830,10.1.6.3,103.242.182.119,9848,17136,57601,2130832844,0x695F8610
1695711139.303150,10.1.6.3,103.242.182.119,9848,17136,57602,2130833004,0x695F8610
1695711139.323450,10.1.6.3,103.242.182.119,9848,17136,57603,2130833164,0x695F8610
1695711139.342820,10.1.6.3,103.242.182.119,9848,17136,57604,2130833324,0x695F8610
1695711139.363250,10.1.6.3,103.242.182.119,9848,17136,57605,2130833484,0x695F8610
1695711139.382630,10.1.6.3,103.242.182.119,9848,17136,57606,2130833644,0x695F8610
1695711139.402940,10.1.6.3,103.242.182.119,9848,17136,57607,2130833804,0x695F8610
1695711139.423410,10.1.6.3,103.242.182.119,9848,17136,57608,2130833964,0x695F8610
1695711139.442640,10.1.6.3,103.242.182.119,9848,17136,57609,2130834124,0x695F8610
1695711139.463180,10.1.6.3,103.242.182.119,9848,17136,57610,2130834284,0x695F8610
1695711139.483510,10.1.6.3,103.242.182.119,9848,17136,57611,2130834444,0x695F8610
1695711139.502940,10.1.6.3,103.242.182.119,9848,17136,57612,2130834604,0x695F8610
