1695694569.496523048,10.1.6.3,10.1.6.10,8490,5012,52874,1620532507,0x371a9b7e
1695694569.516976204,10.1.6.3,10.1.6.10,8490,5012,52875,1620532667,0x371a9b7e
1695694569.537211102,10.1.6.3,10.1.6.10,8490,5012,52876,1620532827,0x371a9b7e
1695694569.557537745,10.1.6.3,10.1.6.10,8490,5012,52877,1620532987,0x371a9b7e
1695694569.576729976,10.1.6.3,10.1.6.10,8490,5012,52878,1620533147,0x371a9b7e
1695694569.597092898,10.1.6.3,10.1.6.10,8490,5012,52879,1620533307,0x371a9b7e
1695694569.617323194,10.1.6.3,10.1.6.10,8490,5012,52880,1620533467,0x371a9b7e
1695694569.637643673,10.1.6.3,10.1.6.10,8490,5012,52881,1620533627,0x371a9b7e
1695694569.656814346,10.1.6.3,10.1.6.10,8490,5012,52882,1620533787,0x371a9b7e
1695694569.677086931,10.1.6.3,10.1.6.10,8490,5012,52883,1620533947,0x371a9b7e
1695694569.697316880,10.1.6.3,10.1.6.10,8490,5012,52884,1620534107,0x371a9b7e
1695694569.717633502,10.1.6.3,10.1.6.10,8490,5012,52885,1620534267,0x371a9b7e
1695694569.736820457,10.1.6.3,10.1.6.10,8490,5012,52886,1620534427,0x371a9b7e
1695694569.757310261,10.1.6.3,10.1.6.10,8490,5012,52887,1620534587,0x371a9b7e
1695694569.777592117,10.1.6.3,10.1.6.10,8490,5012,52888,1620534747,0x371a9b7e
1695694569.796938899,10.1.6.3,10.1.6.10,8490,5012,52889,1620534907,0x371a9b7e
1695694569.817175946,10.1.6.3,10.1.6.10,8490,5012,52890,1620535067,0x371a9b7e
1695694569.837403702,10.1.6.3,10.1.6.10,8490,5012,52891,1620535227,0x371a9b7e
1695694569.857621190,10.1.6.3,10.1.6.10,8490,5012,52892,1620535387,0x371a9b7e
1695694569.876953993,10.1.6.3,10.1.6.10,8490,5012,52893,1620535547,0x371a9b7e
1695694569.889807689,10.1.6.10,10.1.6.3,5012,8490,11289,256758880,0x5d0aaaa2
1695694569.897142604,10.1.6.3,10.1.6.10,8490,5012,52894,1620535707,0x371a9b7e
1695694569.908697808,10.1.6.10,10.1.6.3,5012,8490,11290,256759040,0x5d0aaaa2
1695694569.917515951,10.1.6.3,10.1.6.10,8490,5012,52895,1620535867,0x371a9b7e
1695694569.931590290,10.1.6.10,10.1.6.3,5012,8490,11291,256759200,0x5d0aaaa2
1695694569.937699220,10.1.6.3,10.1.6.10,8490,5012,52896,1620536027,0x371a9b7e
1695694569.945520779,10.1.6.10,10.1.6.3,5012,8490,11292,256759360,0x5d0aaaa2
1695694569.957015050,10.1.6.3,10.1.6.10,8490,5012,52897,1620536187,0x371a9b7e
1695694569.968765503,10.1.6.10,10.1.6.3,5012,8490,11293,256759520,0x5d0aaaa2
1695694569.977209067,10.1.6.3,10.1.6.10,8490,5012,52898,1620536347,0x371a9b7e
1695694569.987316405,10.1.6.10,10.1.6.3,5012,8490,11294,256759680,0x5d0aaaa2
1695694569.997466602,10.1.6.3,10.1.6.10,8490,5012,52899,1620536507,0x371a9b7e
1695694570.010686269,10.1.6.10,10.1.6.3,5012,8490,11295,256759840,0x5d0aaaa2
1695694570.017697548,10.1.6.3,10.1.6.10,8490,5012,52900,1620536667,0x371a9b7e
1695694570.029177179,10.1.6.10,10.1.6.3,5012,8490,11296,256760000,0x5d0aaaa2
1695694570.036976535,10.1.6.3,10.1.6.10,8490,5012,52901,1620536827,0x371a9b7e
1695694570.047733815,10.1.6.10,10.1.6.3,5012,8490,11297,256760160,0x5d0aaaa2
1695694570.057215031,10.1.6.3,10.1.6.10,8490,5012,52902,1620536987,0x371a9b7e
1695694570.071116944,10.1.6.10,10.1.6.3,5012,8490,11298,256760320,0x5d0aaaa2
1695694570.077523821,10.1.6.3,10.1.6.10,8490,5012,52903,1620537147,0x371a9b7e
1695694570.085502461,10.1.6.10,10.1.6.3,5012,8490,11299,256760480,0x5d0aaaa2
1695694570.097757677,10.1.6.3,10.1.6.10,8490,5012,52904,1620537307,0x371a9b7e
1695694570.108703357,10.1.6.10,10.1.6.3,5012,8490,11300,256760640,0x5d0aaaa2
1695694570.117035828,10.1.6.3,10.1.6.10,8490,5012,52905,1620537467,0x371a9b7e
1695694570.127357265,10.1.6.10,10.1.6.3,5012,8490,11301,256760800,0x5d0aaaa2
1695694570.137212328,10.1.6.3,10.1.6.10,8490,5012,52906,1620537627,0x371a9b7e
1695694570.150161401,10.1.6.10,10.1.6.3,5012,8490,11302,256760960,0x5d0aaaa2
1695694570.157521348,10.1.6.3,10.1.6.10,8490,5012,52907,1620537787,0x371a9b7e
1695694570.168696669,10.1.6.10,10.1.6.3,5012,8490,11303,256761120,0x5d0aaaa2
1695694570.177740117,10.1.6.3,10.1.6.10,8490,5012,52908,1620537947,0x371a9b7e
1695694570.187338112,10.1.6.10,10.1.6.3,5012,8490,11304,256761280,0x5d0aaaa2
1695694570.197008329,10.1.6.3,10.1.6.10,8490,5012,52909,1620538107,0x371a9b7e
1695694570.210669948,10.1.6.10,10.1.6.3,5012,8490,11305,256761440,0x5d0aaaa2
1695694570.217186358,10.1.6.3,10.1.6.10,8490,5012,52910,1620538267,0x371a9b7e
1695694570.229415064,10.1.6.10,10.1.6.3,5012,8490,11306,256761600,0x5d0aaaa2
1695694570.237414298,10.1.6.3,10.1.6.10,8490,5012,52911,1620538427,0x371a9b7e
1695694570.247722016,10.1.6.10,10.1.6.3,5012,8490,11307,256761760,0x5d0aaaa2
1695694570.257587435,10.1.6.3,10.1.6.10,8490,5012,52912,1620538587,0x371a9b7e
1695694570.271100013,10.1.6.10,10.1.6.3,5012,8490,11308,256761920,0x5d0aaaa2
1695694570.276863886,10.1.6.3,10.1.6.10,8490,5012,52913,1620538747,0x371a9b7e
1695694570.289143524,10.1.6.10,10.1.6.3,5012,8490,11309,256762080,0x5d0aaaa2
1695694570.297099211,10.1.6.3,10.1.6.10,8490,5012,52914,1620538907,0x371a9b7e
1695694570.307168338,10.1.6.10,10.1.6.3,5012,8490,11310,256762240,0x5d0aaaa2
1695694570.317403142,10.1.6.3,10.1.6.10,8490,5012,52915,1620539067,0x371a9b7e
1695694570.330359617,10.1.6.10,10.1.6.3,5012,8490,11311,256762400,0x5d0aaaa2
1695694570.337632734,10.1.6.3,10.1.6.10,8490,5012,52916,1620539227,0x371a9b7e
1695694570.348732894,10.1.6.10,10.1.6.3,5012,8490,11312,256762560,0x5d0aaaa2
1695694570.356947977,10.1.6.3,10.1.6.10,8490,5012,52917,1620539387,0x371a9b7e
1695694570.367326887,10.1.6.10,10.1.6.3,5012,8490,11313,256762720,0x5d0aaaa2
1695694570.377179137,10.1.6.3,10.1.6.10,8490,5012,52918,1620539547,0x371a9b7e
1695694570.390000175,10.1.6.10,10.1.6.3,5012,8490,11314,256762880,0x5d0aaaa2
1695694570.397506995,10.1.6.3,10.1.6.10,8490,5012,52919,1620539707,0x371a9b7e
1695694570.408507091,10.1.6.10,10.1.6.3,5012,8490,11315,256763040,0x5d0aaaa2
1695694570.417738766,10.1.6.3,10.1.6.10,8490,5012,52920,1620539867,0x371a9b7e
1695694570.430972006,10.1.6.10,10.1.6.3,5012,8490,11316,256763200,0x5d0aaaa2
1695694570.437019295,10.1.6.3,10.1.6.10,8490,5012,52921,1620540027,0x371a9b7e
1695694570.448574790,10.1.6.10,10.1.6.3,5012,8490,11317,256763360,0x5d0aaaa2
1695694570.457250933,10.1.6.3,10.1.6.10,8490,5012,52922,1620540187,0x371a9b7e
1695694570.470996733,10.1.6.10,10.1.6.3,5012,8490,11318,256763520,0x5d0aaaa2
1695694570.477539192,10.1.6.3,10.1.6.10,8490,5012,52923,1620540347,0x371a9b7e
1695694570.489126834,10.1.6.10,10.1.6.3,5012,8490,11319,256763680,0x5d0aaaa2
1695694570.496789553,10.1.6.3,10.1.6.10,8490,5012,52924,1620540507,0x371a9b7e
1695694570.507136740,10.1.6.10,10.1.6.3,5012,8490,11320,256763840,0x5d0aaaa2
1695694570.517153299,10.1.6.3,10.1.6.10,8490,5012,52925,1620540667,0x371a9b7e
1695694570.529983235,10.1.6.10,10.1.6.3,5012,8490,11321,256764000,0x5d0aaaa2
1695694570.537329496,10.1.6.3,10.1.6.10,8490,5012,52926,1620540827,0x371a9b7e
1695694570.547561364,10.1.6.10,10.1.6.3,5012,8490,11322,256764160,0x5d0aaaa2
1695694570.557646686,10.1.6.3,10.1.6.10,8490,5012,52927,1620540987,0x371a9b7e
1695694570.570510744,10.1.6.10,10.1.6.3,5012,8490,11323,256764320,0x5d0aaaa2
1695694570.576867636,10.1.6.3,10.1.6.10,8490,5012,52928,1620541147,0x371a9b7e
1695694570.588528302,10.1.6.10,10.1.6.3,5012,8490,11324,256764480,0x5d0aaaa2
1695694570.597196786,10.1.6.3,10.1.6.10,8490,5012,52929,1620541307,0x371a9b7e
1695694570.611469436,10.1.6.10,10.1.6.3,5012,8490,11325,256764640,0x5d0aaaa2
1695694570.617426157,10.1.6.3,10.1.6.10,8490,5012,52930,1620541467,0x371a9b7e
1695694570.625433764,10.1.6.10,10.1.6.3,5012,8490,11326,256764800,0x5d0aaaa2
1695694570.636790653,10.1.6.3,10.1.6.10,8490,5012,52931,1620541627,0x371a9b7e
1695694570.648574057,10.1.6.10,10.1.6.3,5012,8490,11327,256764960,0x5d0aaaa2
1695694570.657033257,10.1.6.3,10.1.6.10,8490,5012,52932,1620541787,0x371a9b7e
1695694570.666780236,10.1.6.10,10.1.6.3,5012,8490,11328,256765120,0x5d0aaaa2
1695694570.677347633,10.1.6.3,10.1.6.10,8490,5012,52933,1620541947,0x371a9b7e
1695694570.689604802,10.1.6.10,10.1.6.3,5012,8490,11329,256765280,0x5d0aaaa2
1695694570.697551469,10.1.6.3,10.1.6.10,8490,5012,52934,1620542107,0x371a9b7e
1695694570.707561297,10.1.6.10,10.1.6.3,5012,8490,11330,256765440,0x5d0aaaa2
1695694570.716934732,10.1.6.3,10.1.6.10,8490,5012,52935,1620542267,0x371a9b7e
1695694570.730506899,10.1.6.10,10.1.6.3,5012,8490,11331,256765600,0x5d0aaaa2
1695694570.737112695,10.1.6.3,10.1.6.10,8490,5012,52936,1620542427,0x371a9b7e
1695694570.748556858,10.1.6.10,10.1.6.3,5012,8490,11332,256765760,0x5d0aaaa2
1695694570.757459025,10.1.6.3,10.1.6.10,8490,5012,52937,1620542587,0x371a9b7e
1695694570.771030914,10.1.6.10,10.1.6.3,5012,8490,11333,256765920,0x5d0aaaa2
1695694570.777648611,10.1.6.3,10.1.6.10,8490,5012,52938,1620542747,0x371a9b7e
1695694570.789085408,10.1.6.10,10.1.6.3,5012,8490,11334,256766080,0x5d0aaaa2
1695694570.796972226,10.1.6.3,10.1.6.10,8490,5012,52939,1620542907,0x371a9b7e
1695694570.807113421,10.1.6.10,10.1.6.3,5012,8490,11335,256766240,0x5d0aaaa2
1695694570.817204440,10.1.6.3,10.1.6.10,8490,5012,52940,1620543067,0x371a9b7e
1695694570.829940394,10.1.6.10,10.1.6.3,5012,8490,11336,256766400,0x5d0aaaa2
1695694570.837575419,10.1.6.3,10.1.6.10,8490,5012,52941,1620543227,0x371a9b7e
1695694570.848168332,10.1.6.10,10.1.6.3,5012,8490,11337,256766560,0x5d0aaaa2
1695694570.856762550,10.1.6.3,10.1.6.10,8490,5012,52942,1620543387,0x371a9b7e
1695694570.870434011,10.1.6.10,10.1.6.3,5012,8490,11338,256766720,0x5d0aaaa2
1695694570.877037655,10.1.6.3,10.1.6.10,8490,5012,52943,1620543547,0x371a9b7e
1695694570.888571908,10.1.6.10,10.1.6.3,5012,8490,11339,256766880,0x5d0aaaa2
1695694570.897224578,10.1.6.3,10.1.6.10,8490,5012,52944,1620543707,0x371a9b7e
1695694570.910945252,10.1.6.10,10.1.6.3,5012,8490,11340,256767040,0x5d0aaaa2
1695694570.917597414,10.1.6.3,10.1.6.10,8490,5012,52945,1620543867,0x371a9b7e
1695694570.928545303,10.1.6.10,10.1.6.3,5012,8490,11341,256767200,0x5d0aaaa2
1695694570.936791530,10.1.6.3,10.1.6.10,8490,5012,52946,1620544027,0x371a9b7e
1695694570.946705074,10.1.6.10,10.1.6.3,5012,8490,11342,256767360,0x5d0aaaa2
1695694570.957114499,10.1.6.3,10.1.6.10,8490,5012,52947,1620544187,0x371a9b7e
1695694570.969341474,10.1.6.10,10.1.6.3,5012,8490,11343,256767520,0x5d0aaaa2
1695694570.977288931,10.1.6.3,10.1.6.10,8490,5012,52948,1620544347,0x371a9b7e
1695694570.987550537,10.1.6.10,10.1.6.3,5012,8490,11344,256767680,0x5d0aaaa2
1695694570.997598772,10.1.6.3,10.1.6.10,8490,5012,52949,1620544507,0x371a9b7e
1695694571.010532794,10.1.6.10,10.1.6.3,5012,8490,11345,256767840,0x5d0aaaa2
1695694571.016780281,10.1.6.3,10.1.6.10,8490,5012,52950,1620544667,0x371a9b7e
1695694571.028557661,10.1.6.10,10.1.6.3,5012,8490,11346,256768000,0x5d0aaaa2
1695694571.037125115,10.1.6.3,10.1.6.10,8490,5012,52951,1620544827,0x371a9b7e
1695694571.046836397,10.1.6.10,10.1.6.3,5012,8490,11347,256768160,0x5d0aaaa2
1695694571.057369361,10.1.6.3,10.1.6.10,8490,5012,52952,1620544987,0x371a9b7e
1695694571.065135472,10.1.6.10,10.1.6.3,5012,8490,11348,256768320,0x5d0aaaa2
1695694571.076748323,10.1.6.3,10.1.6.10,8490,5012,52953,1620545147,0x371a9b7e
1695694571.087609939,10.1.6.10,10.1.6.3,5012,8490,11349,256768480,0x5d0aaaa2
1695694571.096951288,10.1.6.3,10.1.6.10,8490,5012,52954,1620545307,0x371a9b7e
1695694571.110556685,10.1.6.10,10.1.6.3,5012,8490,11350,256768640,0x5d0aaaa2
1695694571.117291397,10.1.6.3,10.1.6.10,8490,5012,52955,1620545467,0x371a9b7e
1695694571.128551938,10.1.6.10,10.1.6.3,5012,8490,11351,256768800,0x5d0aaaa2
1695694571.137532648,10.1.6.3,10.1.6.10,8490,5012,52956,1620545627,0x371a9b7e
1695694571.150954672,10.1.6.10,10.1.6.3,5012,8490,11352,256768960,0x5d0aaaa2
1695694571.156882811,10.1.6.3,10.1.6.10,8490,5012,52957,1620545787,0x371a9b7e
1695694571.168518418,10.1.6.10,10.1.6.3,5012,8490,11353,256769120,0x5d0aaaa2
1695694571.177065342,10.1.6.3,10.1.6.10,8490,5012,52958,1620545947,0x371a9b7e
1695694571.186704630,10.1.6.10,10.1.6.3,5012,8490,11354,256769280,0x5d0aaaa2
1695694571.197379178,10.1.6.3,10.1.6.10,8490,5012,52959,1620546107,0x371a9b7e
1695694571.205392911,10.1.6.10,10.1.6.3,5012,8490,11355,256769440,0x5d0aaaa2
1695694571.217608095,10.1.6.3,10.1.6.10,8490,5012,52960,1620546267,0x371a9b7e
1695694571.227544916,10.1.6.10,10.1.6.3,5012,8490,11356,256769600,0x5d0aaaa2
1695694571.236975482,10.1.6.3,10.1.6.10,8490,5012,52961,1620546427,0x371a9b7e
1695694571.250479256,10.1.6.10,10.1.6.3,5012,8490,11357,256769760,0x5d0aaaa2
1695694571.257169099,10.1.6.3,10.1.6.10,8490,5012,52962,1620546587,0x371a9b7e
1695694571.268519560,10.1.6.10,10.1.6.3,5012,8490,11358,256769920,0x5d0aaaa2
1695694571.277402565,10.1.6.3,10.1.6.10,8490,5012,52963,1620546747,0x371a9b7e
1695694571.291016219,10.1.6.10,10.1.6.3,5012,8490,11359,256770080,0x5d0aaaa2
1695694571.297577731,10.1.6.3,10.1.6.10,8490,5012,52964,1620546907,0x371a9b7e
1695694571.309132768,10.1.6.10,10.1.6.3,5012,8490,11360,256770240,0x5d0aaaa2
1695694571.316897925,10.1.6.3,10.1.6.10,8490,5012,52965,1620547067,0x371a9b7e
1695694571.327146512,10.1.6.10,10.1.6.3,5012,8490,11361,256770400,0x5d0aaaa2
1695694571.337127937,10.1.6.3,10.1.6.10,8490,5012,52966,1620547227,0x371a9b7e
1695694571.349943110,10.1.6.10,10.1.6.3,5012,8490,11362,256770560,0x5d0aaaa2
1695694571.357511100,10.1.6.3,10.1.6.10,8490,5012,52967,1620547387,0x371a9b7e
1695694571.368341703,10.1.6.10,10.1.6.3,5012,8490,11363,256770720,0x5d0aaaa2
1695694571.377746034,10.1.6.3,10.1.6.10,8490,5012,52968,1620547547,0x371a9b7e
1695694571.390981720,10.1.6.10,10.1.6.3,5012,8490,11364,256770880,0x5d0aaaa2
1695694571.397056154,10.1.6.3,10.1.6.10,8490,5012,52969,1620547707,0x371a9b7e
1695694571.408545042,10.1.6.10,10.1.6.3,5012,8490,11365,256771040,0x5d0aaaa2
1695694571.417234454,10.1.6.3,10.1.6.10,8490,5012,52970,1620547867,0x371a9b7e
1695694571.430946612,10.1.6.10,10.1.6.3,5012,8490,11366,256771200,0x5d0aaaa2
1695694571.437552738,10.1.6.3,10.1.6.10,8490,5012,52971,1620548027,0x371a9b7e
1695694571.449056500,10.1.6.10,10.1.6.3,5012,8490,11367,256771360,0x5d0aaaa2
1695694571.456753145,10.1.6.3,10.1.6.10,8490,5012,52972,1620548187,0x371a9b7e
1695694571.467134311,10.1.6.10,10.1.6.3,5012,8490,11368,256771520,0x5d0aaaa2
1695694571.477017197,10.1.6.3,10.1.6.10,8490,5012,52973,1620548347,0x371a9b7e
1695694571.489992246,10.1.6.10,10.1.6.3,5012,8490,11369,256771680,0x5d0aaaa2
1695694571.497193634,10.1.6.3,10.1.6.10,8490,5012,52974,1620548507,0x371a9b7e
1695694571.507579385,10.1.6.10,10.1.6.3,5012,8490,11370,256771840,0x5d0aaaa2
1695694571.517564378,10.1.6.3,10.1.6.10,8490,5012,52975,1620548667,0x371a9b7e
1695694571.530526232,10.1.6.10,10.1.6.3,5012,8490,11371,256772000,0x5d0aaaa2
1695694571.536793555,10.1.6.3,10.1.6.10,8490,5012,52976,1620548827,0x371a9b7e
1695694571.548529701,10.1.6.10,10.1.6.3,5012,8490,11372,256772160,0x5d0aaaa2
1695694571.557110060,10.1.6.3,10.1.6.10,8490,5012,52977,1620548987,0x371a9b7e
1695694571.570917204,10.1.6.10,10.1.6.3,5012,8490,11373,256772320,0x5d0aaaa2
1695694571.577315564,10.1.6.3,10.1.6.10,8490,5012,52978,1620549147,0x371a9b7e
1695694571.588546292,10.1.6.10,10.1.6.3,5012,8490,11374,256772480,0x5d0aaaa2
1695694571.597632604,10.1.6.3,10.1.6.10,8490,5012,52979,1620549307,0x371a9b7e
1695694571.611080838,10.1.6.10,10.1.6.3,5012,8490,11375,256772640,0x5d0aaaa2
1695694571.616810448,10.1.6.3,10.1.6.10,8490,5012,52980,1620549467,0x371a9b7e
1695694571.629480616,10.1.6.10,10.1.6.3,5012,8490,11376,256772800,0x5d0aaaa2
1695694571.637088970,10.1.6.3,10.1.6.10,8490,5012,52981,1620549627,0x371a9b7e
1695694571.647566810,10.1.6.10,10.1.6.3,5012,8490,11377,256772960,0x5d0aaaa2
1695694571.657321215,10.1.6.3,10.1.6.10,8490,5012,52982,1620549787,0x371a9b7e
1695694571.670525291,10.1.6.10,10.1.6.3,5012,8490,11378,256773120,0x5d0aaaa2
1695694571.677608933,10.1.6.3,10.1.6.10,8490,5012,52983,1620549947,0x371a9b7e
1695694571.688482373,10.1.6.10,10.1.6.3,5012,8490,11379,256773280,0x5d0aaaa2
1695694571.696731343,10.1.6.3,10.1.6.10,8490,5012,52984,1620550107,0x371a9b7e
1695694571.706680082,10.1.6.10,10.1.6.3,5012,8490,11380,256773440,0x5d0aaaa2
1695694571.716991938,10.1.6.3,10.1.6.10,8490,5012,52985,1620550267,0x371a9b7e
1695694571.729581209,10.1.6.10,10.1.6.3,5012,8490,11381,256773600,0x5d0aaaa2
1695694571.737251774,10.1.6.3,10.1.6.10,8490,5012,52986,1620550427,0x371a9b7e
1695694571.747529591,10.1.6.10,10.1.6.3,5012,8490,11382,256773760,0x5d0aaaa2
1695694571.757778949,10.1.6.3,10.1.6.10,8490,5012,52987,1620550587,0x371a9b7e
1695694571.770602727,10.1.6.10,10.1.6.3,5012,8490,11383,256773920,0x5d0aaaa2
1695694571.777070020,10.1.6.3,10.1.6.10,8490,5012,52988,1620550747,0x371a9b7e
1695694571.789060950,10.1.6.10,10.1.6.3,5012,8490,11384,256774080,0x5d0aaaa2
1695694571.797418309,10.1.6.3,10.1.6.10,8490,5012,52989,1620550907,0x371a9b7e
1695694571.807126206,10.1.6.10,10.1.6.3,5012,8490,11385,256774240,0x5d0aaaa2
1695694571.817625418,10.1.6.3,10.1.6.10,8490,5012,52990,1620551067,0x371a9b7e
1695694571.830341489,10.1.6.10,10.1.6.3,5012,8490,11386,256774400,0x5d0aaaa2
1695694571.836884028,10.1.6.3,10.1.6.10,8490,5012,52991,1620551227,0x371a9b7e
1695694571.848555032,10.1.6.10,10.1.6.3,5012,8490,11387,256774560,0x5d0aaaa2
1695694571.857068659,10.1.6.3,10.1.6.10,8490,5012,52992,1620551387,0x371a9b7e
1695694571.866862425,10.1.6.10,10.1.6.3,5012,8490,11388,256774720,0x5d0aaaa2
1695694571.877385557,10.1.6.3,10.1.6.10,8490,5012,52993,1620551547,0x371a9b7e
1695694571.885119386,10.1.6.10,10.1.6.3,5012,8490,11389,256774880,0x5d0aaaa2
1695694571.897582378,10.1.6.3,10.1.6.10,8490,5012,52994,1620551707,0x371a9b7e
1695694571.908189681,10.1.6.10,10.1.6.3,5012,8490,11390,256775040,0x5d0aaaa2
1695694571.916949647,10.1.6.3,10.1.6.10,8490,5012,52995,1620551867,0x371a9b7e
1695694571.930940789,10.1.6.10,10.1.6.3,5012,8490,11391,256775200,0x5d0aaaa2
1695694571.937126158,10.1.6.3,10.1.6.10,8490,5012,52996,1620552027,0x371a9b7e
1695694571.948543643,10.1.6.10,10.1.6.3,5012,8490,11392,256775360,0x5d0aaaa2
1695694571.957443090,10.1.6.3,10.1.6.10,8490,5012,52997,1620552187,0x371a9b7e
1695694571.970939797,10.1.6.10,10.1.6.3,5012,8490,11393,256775520,0x5d0aaaa2
1695694571.977674771,10.1.6.3,10.1.6.10,8490,5012,52998,1620552347,0x371a9b7e
1695694571.989058541,10.1.6.10,10.1.6.3,5012,8490,11394,256775680,0x5d0aaaa2
1695694571.997048394,10.1.6.3,10.1.6.10,8490,5012,52999,1620552507,0x371a9b7e
1695694572.007121649,10.1.6.10,10.1.6.3,5012,8490,11395,256775840,0x5d0aaaa2
1695694572.017289629,10.1.6.3,10.1.6.10,8490,5012,53000,1620552667,0x371a9b7e
1695694572.025406455,10.1.6.10,10.1.6.3,5012,8490,11396,256776000,0x5d0aaaa2
1695694572.037563001,10.1.6.3,10.1.6.10,8490,5012,53001,1620552827,0x371a9b7e
1695694572.047601109,10.1.6.10,10.1.6.3,5012,8490,11397,256776160,0x5d0aaaa2
1695694572.056764803,10.1.6.3,10.1.6.10,8490,5012,53002,1620552987,0x371a9b7e
1695694572.070523976,10.1.6.10,10.1.6.3,5012,8490,11398,256776320,0x5d0aaaa2
1695694572.077042173,10.1.6.3,10.1.6.10,8490,5012,53003,1620553147,0x371a9b7e
1695694572.088623188,10.1.6.10,10.1.6.3,5012,8490,11399,256776480,0x5d0aaaa2
1695694572.097237542,10.1.6.3,10.1.6.10,8490,5012,53004,1620553307,0x371a9b7e
1695694572.111045941,10.1.6.10,10.1.6.3,5012,8490,11400,256776640,0x5d0aaaa2
1695694572.117536851,10.1.6.3,10.1.6.10,8490,5012,53005,1620553467,0x371a9b7e
1695694572.128545109,10.1.6.10,10.1.6.3,5012,8490,11401,256776800,0x5d0aaaa2
1695694572.137769276,10.1.6.3,10.1.6.10,8490,5012,53006,1620553627,0x371a9b7e
1695694572.150909665,10.1.6.10,10.1.6.3,5012,8490,11402,256776960,0x5d0aaaa2
1695694572.157139352,10.1.6.3,10.1.6.10,8490,5012,53007,1620553787,0x371a9b7e
1695694572.169099488,10.1.6.10,10.1.6.3,5012,8490,11403,256777120,0x5d0aaaa2
1695694572.177373839,10.1.6.3,10.1.6.10,8490,5012,53008,1620553947,0x371a9b7e
1695694572.187110446,10.1.6.10,10.1.6.3,5012,8490,11404,256777280,0x5d0aaaa2
1695694572.197672287,10.1.6.3,10.1.6.10,8490,5012,53009,1620554107,0x371a9b7e
1695694572.209890745,10.1.6.10,10.1.6.3,5012,8490,11405,256777440,0x5d0aaaa2
1695694572.216841244,10.1.6.3,10.1.6.10,8490,5012,53010,1620554267,0x371a9b7e
1695694572.227573644,10.1.6.10,10.1.6.3,5012,8490,11406,256777600,0x5d0aaaa2
1695694572.237203602,10.1.6.3,10.1.6.10,8490,5012,53011,1620554427,0x371a9b7e
1695694572.250515393,10.1.6.10,10.1.6.3,5012,8490,11407,256777760,0x5d0aaaa2
1695694572.257438640,10.1.6.3,10.1.6.10,8490,5012,53012,1620554587,0x371a9b7e
1695694572.268533588,10.1.6.10,10.1.6.3,5012,8490,11408,256777920,0x5d0aaaa2
1695694572.276773872,10.1.6.3,10.1.6.10,8490,5012,53013,1620554747,0x371a9b7e
1695694572.286700902,10.1.6.10,10.1.6.3,5012,8490,11409,256778080,0x5d0aaaa2
1695694572.297044205,10.1.6.3,10.1.6.10,8490,5012,53014,1620554907,0x371a9b7e
1695694572.309603178,10.1.6.10,10.1.6.3,5012,8490,11410,256778240,0x5d0aaaa2
1695694572.317425898,10.1.6.3,10.1.6.10,8490,5012,53015,1620555067,0x371a9b7e
1695694572.327521923,10.1.6.10,10.1.6.3,5012,8490,11411,256778400,0x5d0aaaa2
1695694572.337649333,10.1.6.3,10.1.6.10,8490,5012,53016,1620555227,0x371a9b7e
1695694572.349977134,10.1.6.10,10.1.6.3,5012,8490,11412,256778560,0x5d0aaaa2
1695694572.356939764,10.1.6.3,10.1.6.10,8490,5012,53017,1620555387,0x371a9b7e
1695694572.368501272,10.1.6.10,10.1.6.3,5012,8490,11413,256778720,0x5d0aaaa2
1695694572.377157068,10.1.6.3,10.1.6.10,8490,5012,53018,1620555547,0x371a9b7e
1695694572.390946158,10.1.6.10,10.1.6.3,5012,8490,11414,256778880,0x5d0aaaa2
1695694572.397476266,10.1.6.3,10.1.6.10,8490,5012,53019,1620555707,0x371a9b7e
1695694572.409055265,10.1.6.10,10.1.6.3,5012,8490,11415,256779040,0x5d0aaaa2
1695694572.417681420,10.1.6.3,10.1.6.10,8490,5012,53020,1620555867,0x371a9b7e
1695694572.427096424,10.1.6.10,10.1.6.3,5012,8490,11416,256779200,0x5d0aaaa2
1695694572.436958642,10.1.6.3,10.1.6.10,8490,5012,53021,1620556027,0x371a9b7e
1695694572.449924551,10.1.6.10,10.1.6.3,5012,8490,11417,256779360,0x5d0aaaa2
1695694572.457115347,10.1.6.3,10.1.6.10,8490,5012,53022,1620556187,0x371a9b7e
1695694572.467563363,10.1.6.10,10.1.6.3,5012,8490,11418,256779520,0x5d0aaaa2
1695694572.477365623,10.1.6.3,10.1.6.10,8490,5012,53023,1620556347,0x371a9b7e
1695694572.490497275,10.1.6.10,10.1.6.3,5012,8490,11419,256779680,0x5d0aaaa2
1695694572.497576800,10.1.6.3,10.1.6.10,8490,5012,53024,1620556507,0x371a9b7e
1695694572.508502116,10.1.6.10,10.1.6.3,5012,8490,11420,256779840,0x5d0aaaa2
1695694572.516885742,10.1.6.3,10.1.6.10,8490,5012,53025,1620556667,0x371a9b7e
1695694572.526701750,10.1.6.10,10.1.6.3,5012,8490,11421,256780000,0x5d0aaaa2
1695694572.537084115,10.1.6.3,10.1.6.10,8490,5012,53026,1620556827,0x371a9b7e
1695694572.549659310,10.1.6.10,10.1.6.3,5012,8490,11422,256780160,0x5d0aaaa2
1695694572.557337994,10.1.6.3,10.1.6.10,8490,5012,53027,1620556987,0x371a9b7e
1695694572.567538095,10.1.6.10,10.1.6.3,5012,8490,11423,256780320,0x5d0aaaa2
1695694572.577563101,10.1.6.3,10.1.6.10,8490,5012,53028,1620557147,0x371a9b7e
1695694572.590482059,10.1.6.10,10.1.6.3,5012,8490,11424,256780480,0x5d0aaaa2
1695694572.596846457,10.1.6.3,10.1.6.10,8490,5012,53029,1620557307,0x371a9b7e
1695694572.609090741,10.1.6.10,10.1.6.3,5012,8490,11425,256780640,0x5d0aaaa2
1695694572.617062463,10.1.6.3,10.1.6.10,8490,5012,53030,1620557467,0x371a9b7e
1695694572.627699911,10.1.6.10,10.1.6.3,5012,8490,11426,256780800,0x5d0aaaa2
1695694572.637376608,10.1.6.3,10.1.6.10,8490,5012,53031,1620557627,0x371a9b7e
1695694572.650957572,10.1.6.10,10.1.6.3,5012,8490,11427,256780960,0x5d0aaaa2
1695694572.657605206,10.1.6.3,10.1.6.10,8490,5012,53032,1620557787,0x371a9b7e
1695694572.668518702,10.1.6.10,10.1.6.3,5012,8490,11428,256781120,0x5d0aaaa2
1695694572.676864761,10.1.6.3,10.1.6.10,8490,5012,53033,1620557947,0x371a9b7e
1695694572.686686203,10.1.6.10,10.1.6.3,5012,8490,11429,256781280,0x5d0aaaa2
1695694572.697090582,10.1.6.3,10.1.6.10,8490,5012,53034,1620558107,0x371a9b7e
1695694572.709307398,10.1.6.10,10.1.6.3,5012,8490,11430,256781440,0x5d0aaaa2
1695694572.717391082,10.1.6.3,10.1.6.10,8490,5012,53035,1620558267,0x371a9b7e
1695694572.727509739,10.1.6.10,10.1.6.3,5012,8490,11431,256781600,0x5d0aaaa2
1695694572.737592264,10.1.6.3,10.1.6.10,8490,5012,53036,1620558427,0x371a9b7e
1695694572.750468770,10.1.6.10,10.1.6.3,5012,8490,11432,256781760,0x5d0aaaa2
1695694572.756910834,10.1.6.3,10.1.6.10,8490,5012,53037,1620558587,0x371a9b7e
1695694572.768596782,10.1.6.10,10.1.6.3,5012,8490,11433,256781920,0x5d0aaaa2
1695694572.777166796,10.1.6.3,10.1.6.10,8490,5012,53038,1620558747,0x371a9b7e
1695694572.790935352,10.1.6.10,10.1.6.3,5012,8490,11434,256782080,0x5d0aaaa2
1695694572.797529668,10.1.6.3,10.1.6.10,8490,5012,53039,1620558907,0x371a9b7e
1695694572.809076833,10.1.6.10,10.1.6.3,5012,8490,11435,256782240,0x5d0aaaa2
1695694572.816790188,10.1.6.3,10.1.6.10,8490,5012,53040,1620559067,0x371a9b7e
1695694572.827089536,10.1.6.10,10.1.6.3,5012,8490,11436,256782400,0x5d0aaaa2
1695694572.837152332,10.1.6.3,10.1.6.10,8490,5012,53041,1620559227,0x371a9b7e
1695694572.849956581,10.1.6.10,10.1.6.3,5012,8490,11437,256782560,0x5d0aaaa2
1695694572.857389082,10.1.6.3,10.1.6.10,8490,5012,53042,1620559387,0x371a9b7e
1695694572.868570897,10.1.6.10,10.1.6.3,5012,8490,11438,256782720,0x5d0aaaa2
1695694572.877702006,10.1.6.3,10.1.6.10,8490,5012,53043,1620559547,0x371a9b7e
1695694572.890981580,10.1.6.10,10.1.6.3,5012,8490,11439,256782880,0x5d0aaaa2
1695694572.896915872,10.1.6.3,10.1.6.10,8490,5012,53044,1620559707,0x371a9b7e
1695694572.908509061,10.1.6.10,10.1.6.3,5012,8490,11440,256783040,0x5d0aaaa2
1695694572.917265282,10.1.6.3,10.1.6.10,8490,5012,53045,1620559867,0x371a9b7e
1695694572.930920421,10.1.6.10,10.1.6.3,5012,8490,11441,256783200,0x5d0aaaa2
1695694572.937481628,10.1.6.3,10.1.6.10,8490,5012,53046,1620560027,0x371a9b7e
1695694572.949058915,10.1.6.10,10.1.6.3,5012,8490,11442,256783360,0x5d0aaaa2
1695694572.956814888,10.1.6.3,10.1.6.10,8490,5012,53047,1620560187,0x371a9b7e
1695694572.967075265,10.1.6.10,10.1.6.3,5012,8490,11443,256783520,0x5d0aaaa2
1695694572.977040202,10.1.6.3,10.1.6.10,8490,5012,53048,1620560347,0x371a9b7e
1695694572.985375493,10.1.6.10,10.1.6.3,5012,8490,11444,256783680,0x5d0aaaa2
1695694572.997413032,10.1.6.3,10.1.6.10,8490,5012,53049,1620560507,0x371a9b7e
1695694573.007586175,10.1.6.10,10.1.6.3,5012,8490,11445,256783840,0x5d0aaaa2
1695694573.017620979,10.1.6.3,10.1.6.10,8490,5012,53050,1620560667,0x371a9b7e
1695694573.030474815,10.1.6.10,10.1.6.3,5012,8490,11446,256784000,0x5d0aaaa2
1695694573.036976004,10.1.6.3,10.1.6.10,8490,5012,53051,1620560827,0x371a9b7e
1695694573.048517883,10.1.6.10,10.1.6.3,5012,8490,11447,256784160,0x5d0aaaa2
1695694573.057231869,10.1.6.3,10.1.6.10,8490,5012,53052,1620560987,0x371a9b7e
1695694573.066995744,10.1.6.10,10.1.6.3,5012,8490,11448,256784320,0x5d0aaaa2
1695694573.077582287,10.1.6.3,10.1.6.10,8490,5012,53053,1620561147,0x371a9b7e
1695694573.085095240,10.1.6.10,10.1.6.3,5012,8490,11449,256784480,0x5d0aaaa2
1695694573.096778702,10.1.6.3,10.1.6.10,8490,5012,53054,1620561307,0x371a9b7e
1695694573.108234139,10.1.6.10,10.1.6.3,5012,8490,11450,256784640,0x5d0aaaa2
1695694573.117183516,10.1.6.3,10.1.6.10,8490,5012,53055,1620561467,0x371a9b7e
1695694573.130491225,10.1.6.10,10.1.6.3,5012,8490,11451,256784800,0x5d0aaaa2
1695694573.137407939,10.1.6.3,10.1.6.10,8490,5012,53056,1620561627,0x371a9b7e
1695694573.148505760,10.1.6.10,10.1.6.3,5012,8490,11452,256784960,0x5d0aaaa2
1695694573.157728145,10.1.6.3,10.1.6.10,8490,5012,53057,1620561787,0x371a9b7e
1695694573.170912422,10.1.6.10,10.1.6.3,5012,8490,11453,256785120,0x5d0aaaa2
1695694573.176927023,10.1.6.3,10.1.6.10,8490,5012,53058,1620561947,0x371a9b7e
1695694573.189049201,10.1.6.10,10.1.6.3,5012,8490,11454,256785280,0x5d0aaaa2
1695694573.197193034,10.1.6.3,10.1.6.10,8490,5012,53059,1620562107,0x371a9b7e
1695694573.207080431,10.1.6.10,10.1.6.3,5012,8490,11455,256785440,0x5d0aaaa2
1695694573.217416475,10.1.6.3,10.1.6.10,8490,5012,53060,1620562267,0x371a9b7e
1695694573.229887193,10.1.6.10,10.1.6.3,5012,8490,11456,256785600,0x5d0aaaa2
1695694573.237754054,10.1.6.3,10.1.6.10,8490,5012,53061,1620562427,0x371a9b7e
1695694573.247526749,10.1.6.10,10.1.6.3,5012,8490,11457,256785760,0x5d0aaaa2
1695694573.256976657,10.1.6.3,10.1.6.10,8490,5012,53062,1620562587,0x371a9b7e
1695694573.270442287,10.1.6.10,10.1.6.3,5012,8490,11458,256785920,0x5d0aaaa2
1695694573.277328105,10.1.6.3,10.1.6.10,8490,5012,53063,1620562747,0x371a9b7e
1695694573.288511982,10.1.6.10,10.1.6.3,5012,8490,11459,256786080,0x5d0aaaa2
1695694573.297497992,10.1.6.3,10.1.6.10,8490,5012,53064,1620562907,0x371a9b7e
1695694573.310918494,10.1.6.10,10.1.6.3,5012,8490,11460,256786240,0x5d0aaaa2
1695694573.316829226,10.1.6.3,10.1.6.10,8490,5012,53065,1620563067,0x371a9b7e
1695694573.328504579,10.1.6.10,10.1.6.3,5012,8490,11461,256786400,0x5d0aaaa2
1695694573.337064001,10.1.6.3,10.1.6.10,8490,5012,53066,1620563227,0x371a9b7e
1695694573.346905972,10.1.6.10,10.1.6.3,5012,8490,11462,256786560,0x5d0aaaa2
1695694573.357399481,10.1.6.3,10.1.6.10,8490,5012,53067,1620563387,0x371a9b7e
1695694573.369345919,10.1.6.10,10.1.6.3,5012,8490,11463,256786720,0x5d0aaaa2
1695694573.377604037,10.1.6.3,10.1.6.10,8490,5012,53068,1620563547,0x371a9b7e
1695694573.387555158,10.1.6.10,10.1.6.3,5012,8490,11464,256786880,0x5d0aaaa2
1695694573.396914798,10.1.6.3,10.1.6.10,8490,5012,53069,1620563707,0x371a9b7e
1695694573.410441439,10.1.6.10,10.1.6.3,5012,8490,11465,256787040,0x5d0aaaa2
1695694573.417147513,10.1.6.3,10.1.6.10,8490,5012,53070,1620563867,0x371a9b7e
1695694573.428490507,10.1.6.10,10.1.6.3,5012,8490,11466,256787200,0x5d0aaaa2
1695694573.437545866,10.1.6.3,10.1.6.10,8490,5012,53071,1620564027,0x371a9b7e
1695694573.450891458,10.1.6.10,10.1.6.3,5012,8490,11467,256787360,0x5d0aaaa2
1695694573.456772466,10.1.6.3,10.1.6.10,8490,5012,53072,1620564187,0x371a9b7e
1695694573.469036760,10.1.6.10,10.1.6.3,5012,8490,11468,256787520,0x5d0aaaa2
1695694573.477075856,10.1.6.3,10.1.6.10,8490,5012,53073,1620564347,0x371a9b7e
1695694573.487067447,10.1.6.10,10.1.6.3,5012,8490,11469,256787680,0x5d0aaaa2
1695694573.497302028,10.1.6.3,10.1.6.10,8490,5012,53074,1620564507,0x371a9b7e
1695694573.509898254,10.1.6.10,10.1.6.3,5012,8490,11470,256787840,0x5d0aaaa2
1695694573.517600242,10.1.6.3,10.1.6.10,8490,5012,53075,1620564667,0x371a9b7e
1695694573.528284554,10.1.6.10,10.1.6.3,5012,8490,11471,256788000,0x5d0aaaa2
1695694573.536823666,10.1.6.3,10.1.6.10,8490,5012,53076,1620564827,0x371a9b7e
1695694573.546603489,10.1.6.10,10.1.6.3,5012,8490,11472,256788160,0x5d0aaaa2
1695694573.557130250,10.1.6.3,10.1.6.10,8490,5012,53077,1620564987,0x371a9b7e
1695694573.569531668,10.1.6.10,10.1.6.3,5012,8490,11473,256788320,0x5d0aaaa2
1695694573.577328549,10.1.6.3,10.1.6.10,8490,5012,53078,1620565147,0x371a9b7e
1695694573.587518040,10.1.6.10,10.1.6.3,5012,8490,11474,256788480,0x5d0aaaa2
1695694573.597706725,10.1.6.3,10.1.6.10,8490,5012,53079,1620565307,0x371a9b7e
1695694573.610610753,10.1.6.10,10.1.6.3,5012,8490,11475,256788640,0x5d0aaaa2
1695694573.616956929,10.1.6.3,10.1.6.10,8490,5012,53080,1620565467,0x371a9b7e
1695694573.629081009,10.1.6.10,10.1.6.3,5012,8490,11476,256788800,0x5d0aaaa2
1695694573.637314315,10.1.6.3,10.1.6.10,8490,5012,53081,1620565627,0x371a9b7e
1695694573.647546259,10.1.6.10,10.1.6.3,5012,8490,11477,256788960,0x5d0aaaa2
1695694573.657539882,10.1.6.3,10.1.6.10,8490,5012,53082,1620565787,0x371a9b7e
1695694573.670449075,10.1.6.10,10.1.6.3,5012,8490,11478,256789120,0x5d0aaaa2
1695694573.676903340,10.1.6.3,10.1.6.10,8490,5012,53083,1620565947,0x371a9b7e
1695694573.688488826,10.1.6.10,10.1.6.3,5012,8490,11479,256789280,0x5d0aaaa2
1695694573.697082376,10.1.6.3,10.1.6.10,8490,5012,53084,1620566107,0x371a9b7e
1695694573.711305363,10.1.6.10,10.1.6.3,5012,8490,11480,256789440,0x5d0aaaa2
1695694573.717384863,10.1.6.3,10.1.6.10,8490,5012,53085,1620566267,0x371a9b7e
1695694573.729312683,10.1.6.10,10.1.6.3,5012,8490,11481,256789600,0x5d0aaaa2
1695694573.737558273,10.1.6.3,10.1.6.10,8490,5012,53086,1620566427,0x371a9b7e
1695694573.747450082,10.1.6.10,10.1.6.3,5012,8490,11482,256789760,0x5d0aaaa2
1695694573.756896105,10.1.6.3,10.1.6.10,8490,5012,53087,1620566587,0x371a9b7e
1695694573.770582516,10.1.6.10,10.1.6.3,5012,8490,11483,256789920,0x5d0aaaa2
1695694573.777079451,10.1.6.3,10.1.6.10,8490,5012,53088,1620566747,0x371a9b7e
1695694573.789023989,10.1.6.10,10.1.6.3,5012,8490,11484,256790080,0x5d0aaaa2
1695694573.797481211,10.1.6.3,10.1.6.10,8490,5012,53089,1620566907,0x371a9b7e
1695694573.807011199,10.1.6.10,10.1.6.3,5012,8490,11485,256790240,0x5d0aaaa2
1695694573.817682610,10.1.6.3,10.1.6.10,8490,5012,53090,1620567067,0x371a9b7e
1695694573.829855388,10.1.6.10,10.1.6.3,5012,8490,11486,256790400,0x5d0aaaa2
1695694573.836991041,10.1.6.3,10.1.6.10,8490,5012,53091,1620567227,0x371a9b7e
1695694573.847486452,10.1.6.10,10.1.6.3,5012,8490,11487,256790560,0x5d0aaaa2
1695694573.857161679,10.1.6.3,10.1.6.10,8490,5012,53092,1620567387,0x371a9b7e
1695694573.870464735,10.1.6.10,10.1.6.3,5012,8490,11488,256790720,0x5d0aaaa2
1695694573.877389018,10.1.6.3,10.1.6.10,8490,5012,53093,1620567547,0x371a9b7e
1695694573.889079571,10.1.6.10,10.1.6.3,5012,8490,11489,256790880,0x5d0aaaa2
1695694573.897595653,10.1.6.3,10.1.6.10,8490,5012,53094,1620567707,0x371a9b7e
1695694573.907473817,10.1.6.10,10.1.6.3,5012,8490,11490,256791040,0x5d0aaaa2
1695694573.916954155,10.1.6.3,10.1.6.10,8490,5012,53095,1620567867,0x371a9b7e
1695694573.930404855,10.1.6.10,10.1.6.3,5012,8490,11491,256791200,0x5d0aaaa2
1695694573.937134557,10.1.6.3,10.1.6.10,8490,5012,53096,1620568027,0x371a9b7e
1695694573.948445393,10.1.6.10,10.1.6.3,5012,8490,11492,256791360,0x5d0aaaa2
1695694573.957472113,10.1.6.3,10.1.6.10,8490,5012,53097,1620568187,0x371a9b7e
1695694573.970897010,10.1.6.10,10.1.6.3,5012,8490,11493,256791520,0x5d0aaaa2
1695694573.977694040,10.1.6.3,10.1.6.10,8490,5012,53098,1620568347,0x371a9b7e
1695694573.988482645,10.1.6.10,10.1.6.3,5012,8490,11494,256791680,0x5d0aaaa2
1695694573.997021613,10.1.6.3,10.1.6.10,8490,5012,53099,1620568507,0x371a9b7e
1695694574.006775347,10.1.6.10,10.1.6.3,5012,8490,11495,256791840,0x5d0aaaa2
1695694574.017221644,10.1.6.3,10.1.6.10,8490,5012,53100,1620568667,0x371a9b7e
1695694574.025046940,10.1.6.10,10.1.6.3,5012,8490,11496,256792000,0x5d0aaaa2
1695694574.037574058,10.1.6.3,10.1.6.10,8490,5012,53101,1620568827,0x371a9b7e
1695694574.047481228,10.1.6.10,10.1.6.3,5012,8490,11497,256792160,0x5d0aaaa2
1695694574.056830452,10.1.6.3,10.1.6.10,8490,5012,53102,1620568987,0x371a9b7e
1695694574.070462010,10.1.6.10,10.1.6.3,5012,8490,11498,256792320,0x5d0aaaa2
1695694574.077164865,10.1.6.3,10.1.6.10,8490,5012,53103,1620569147,0x371a9b7e
1695694574.088516508,10.1.6.10,10.1.6.3,5012,8490,11499,256792480,0x5d0aaaa2
1695694574.097435333,10.1.6.3,10.1.6.10,8490,5012,53104,1620569307,0x371a9b7e
1695694574.110854795,10.1.6.10,10.1.6.3,5012,8490,11500,256792640,0x5d0aaaa2
1695694574.116830938,10.1.6.3,10.1.6.10,8490,5012,53105,1620569467,0x371a9b7e
1695694574.129076858,10.1.6.10,10.1.6.3,5012,8490,11501,256792800,0x5d0aaaa2
1695694574.137038972,10.1.6.3,10.1.6.10,8490,5012,53106,1620569627,0x371a9b7e
1695694574.147081298,10.1.6.10,10.1.6.3,5012,8490,11502,256792960,0x5d0aaaa2
1695694574.157327185,10.1.6.3,10.1.6.10,8490,5012,53107,1620569787,0x371a9b7e
1695694574.169923301,10.1.6.10,10.1.6.3,5012,8490,11503,256793120,0x5d0aaaa2
1695694574.177586434,10.1.6.3,10.1.6.10,8490,5012,53108,1620569947,0x371a9b7e
1695694574.188268073,10.1.6.10,10.1.6.3,5012,8490,11504,256793280,0x5d0aaaa2
1695694574.196943372,10.1.6.3,10.1.6.10,8490,5012,53109,1620570107,0x371a9b7e
1695694574.206664701,10.1.6.10,10.1.6.3,5012,8490,11505,256793440,0x5d0aaaa2
1695694574.217203819,10.1.6.3,10.1.6.10,8490,5012,53110,1620570267,0x371a9b7e
1695694574.229581583,10.1.6.10,10.1.6.3,5012,8490,11506,256793600,0x5d0aaaa2
1695694574.237506946,10.1.6.3,10.1.6.10,8490,5012,53111,1620570427,0x371a9b7e
1695694574.247441961,10.1.6.10,10.1.6.3,5012,8490,11507,256793760,0x5d0aaaa2
1695694574.257716107,10.1.6.3,10.1.6.10,8490,5012,53112,1620570587,0x371a9b7e
1695694574.270457394,10.1.6.10,10.1.6.3,5012,8490,11508,256793920,0x5d0aaaa2
1695694574.277042369,10.1.6.3,10.1.6.10,8490,5012,53113,1620570747,0x371a9b7e
1695694574.288494564,10.1.6.10,10.1.6.3,5012,8490,11509,256794080,0x5d0aaaa2
1695694574.297241903,10.1.6.3,10.1.6.10,8490,5012,53114,1620570907,0x371a9b7e
1695694574.310903849,10.1.6.10,10.1.6.3,5012,8490,11510,256794240,0x5d0aaaa2
1695694574.317486965,10.1.6.3,10.1.6.10,8490,5012,53115,1620571067,0x371a9b7e
1695694574.329041689,10.1.6.10,10.1.6.3,5012,8490,11511,256794400,0x5d0aaaa2
1695694574.337735115,10.1.6.3,10.1.6.10,8490,5012,53116,1620571227,0x371a9b7e
1695694574.347543392,10.1.6.10,10.1.6.3,5012,8490,11512,256794560,0x5d0aaaa2
1695694574.357145831,10.1.6.3,10.1.6.10,8490,5012,53117,1620571387,0x371a9b7e
1695694574.369288202,10.1.6.10,10.1.6.3,5012,8490,11513,256794720,0x5d0aaaa2
1695694574.377397926,10.1.6.3,10.1.6.10,8490,5012,53118,1620571547,0x371a9b7e
1695694574.387534443,10.1.6.10,10.1.6.3,5012,8490,11514,256794880,0x5d0aaaa2
1695694574.397726385,10.1.6.3,10.1.6.10,8490,5012,53119,1620571707,0x371a9b7e
1695694574.410369215,10.1.6.10,10.1.6.3,5012,8490,11515,256795040,0x5d0aaaa2
1695694574.416950859,10.1.6.3,10.1.6.10,8490,5012,53120,1620571867,0x371a9b7e
1695694574.428429959,10.1.6.10,10.1.6.3,5012,8490,11516,256795200,0x5d0aaaa2
1695694574.437205590,10.1.6.3,10.1.6.10,8490,5012,53121,1620572027,0x371a9b7e
1695694574.450936843,10.1.6.10,10.1.6.3,5012,8490,11517,256795360,0x5d0aaaa2
1695694574.457430183,10.1.6.3,10.1.6.10,8490,5012,53122,1620572187,0x371a9b7e
1695694574.468462602,10.1.6.10,10.1.6.3,5012,8490,11518,256795520,0x5d0aaaa2
1695694574.476738727,10.1.6.3,10.1.6.10,8490,5012,53123,1620572347,0x371a9b7e
1695694574.486623262,10.1.6.10,10.1.6.3,5012,8490,11519,256795680,0x5d0aaaa2
1695694574.496911671,10.1.6.3,10.1.6.10,8490,5012,53124,1620572507,0x371a9b7e
1695694574.505155252,10.1.6.10,10.1.6.3,5012,8490,11520,256795840,0x5d0aaaa2
1695694574.517218378,10.1.6.3,10.1.6.10,8490,5012,53125,1620572667,0x371a9b7e
1695694574.528189874,10.1.6.10,10.1.6.3,5012,8490,11521,256796000,0x5d0aaaa2
1695694574.537412729,10.1.6.3,10.1.6.10,8490,5012,53126,1620572827,0x371a9b7e
1695694574.550416751,10.1.6.10,10.1.6.3,5012,8490,11522,256796160,0x5d0aaaa2
1695694574.557670844,10.1.6.3,10.1.6.10,8490,5012,53127,1620572987,0x371a9b7e
1695694574.568404639,10.1.6.10,10.1.6.3,5012,8490,11523,256796320,0x5d0aaaa2
1695694574.576893286,10.1.6.3,10.1.6.10,8490,5012,53128,1620573147,0x371a9b7e
1695694574.586616945,10.1.6.10,10.1.6.3,5012,8490,11524,256796480,0x5d0aaaa2
1695694574.597265632,10.1.6.3,10.1.6.10,8490,5012,53129,1620573307,0x371a9b7e
1695694574.611624474,10.1.6.10,10.1.6.3,5012,8490,11525,256796640,0x5d0aaaa2
1695694574.617510358,10.1.6.3,10.1.6.10,8490,5012,53130,1620573467,0x371a9b7e
1695694574.630053963,10.1.6.10,10.1.6.3,5012,8490,11526,256796800,0x5d0aaaa2
1695694574.636864916,10.1.6.3,10.1.6.10,8490,5012,53131,1620573627,0x371a9b7e
1695694574.651325338,10.1.6.10,10.1.6.3,5012,8490,11527,256796960,0x5d0aaaa2
1695694574.657122016,10.1.6.3,10.1.6.10,8490,5012,53132,1620573787,0x371a9b7e
1695694574.665003927,10.1.6.10,10.1.6.3,5012,8490,11528,256797120,0x5d0aaaa2
1695694574.677537741,10.1.6.3,10.1.6.10,8490,5012,53133,1620573947,0x371a9b7e
1695694574.687541436,10.1.6.10,10.1.6.3,5012,8490,11529,256797280,0x5d0aaaa2
1695694574.697721484,10.1.6.3,10.1.6.10,8490,5012,53134,1620574107,0x371a9b7e
1695694574.710449192,10.1.6.10,10.1.6.3,5012,8490,11530,256797440,0x5d0aaaa2
1695694574.716986228,10.1.6.3,10.1.6.10,8490,5012,53135,1620574267,0x371a9b7e
1695694574.728446350,10.1.6.10,10.1.6.3,5012,8490,11531,256797600,0x5d0aaaa2
1695694574.737198967,10.1.6.3,10.1.6.10,8490,5012,53136,1620574427,0x371a9b7e
1695694574.750902201,10.1.6.10,10.1.6.3,5012,8490,11532,256797760,0x5d0aaaa2
1695694574.757571140,10.1.6.3,10.1.6.10,8490,5012,53137,1620574587,0x371a9b7e
1695694574.768472661,10.1.6.10,10.1.6.3,5012,8490,11533,256797920,0x5d0aaaa2
1695694574.776787549,10.1.6.3,10.1.6.10,8490,5012,53138,1620574747,0x371a9b7e
1695694574.786643513,10.1.6.10,10.1.6.3,5012,8490,11534,256798080,0x5d0aaaa2
1695694574.797056175,10.1.6.3,10.1.6.10,8490,5012,53139,1620574907,0x371a9b7e
1695694574.809340078,10.1.6.10,10.1.6.3,5012,8490,11535,256798240,0x5d0aaaa2
1695694574.817250136,10.1.6.3,10.1.6.10,8490,5012,53140,1620575067,0x371a9b7e
1695694574.827518415,10.1.6.10,10.1.6.3,5012,8490,11536,256798400,0x5d0aaaa2
1695694574.837596265,10.1.6.3,10.1.6.10,8490,5012,53141,1620575227,0x371a9b7e
1695694574.850465172,10.1.6.10,10.1.6.3,5012,8490,11537,256798560,0x5d0aaaa2
1695694574.856858350,10.1.6.3,10.1.6.10,8490,5012,53142,1620575387,0x371a9b7e
1695694574.868551386,10.1.6.10,10.1.6.3,5012,8490,11538,256798720,0x5d0aaaa2
1695694574.877159130,10.1.6.3,10.1.6.10,8490,5012,53143,1620575547,0x371a9b7e
1695694574.890744943,10.1.6.10,10.1.6.3,5012,8490,11539,256798880,0x5d0aaaa2
1695694574.897370685,10.1.6.3,10.1.6.10,8490,5012,53144,1620575707,0x371a9b7e
1695694574.909138637,10.1.6.10,10.1.6.3,5012,8490,11540,256799040,0x5d0aaaa2
1695694574.917724566,10.1.6.3,10.1.6.10,8490,5012,53145,1620575867,0x371a9b7e
1695694574.927098623,10.1.6.10,10.1.6.3,5012,8490,11541,256799200,0x5d0aaaa2
1695694574.936985029,10.1.6.3,10.1.6.10,8490,5012,53146,1620576027,0x371a9b7e
1695694574.949941737,10.1.6.10,10.1.6.3,5012,8490,11542,256799360,0x5d0aaaa2
1695694574.957347844,10.1.6.3,10.1.6.10,8490,5012,53147,1620576187,0x371a9b7e
1695694574.968314101,10.1.6.10,10.1.6.3,5012,8490,11543,256799520,0x5d0aaaa2
1695694574.977704312,10.1.6.3,10.1.6.10,8490,5012,53148,1620576347,0x371a9b7e
1695694574.986578537,10.1.6.10,10.1.6.3,5012,8490,11544,256799680,0x5d0aaaa2
1695694574.997052549,10.1.6.3,10.1.6.10,8490,5012,53149,1620576507,0x371a9b7e
1695694575.009690620,10.1.6.10,10.1.6.3,5012,8490,11545,256799840,0x5d0aaaa2
1695694575.017308158,10.1.6.3,10.1.6.10,8490,5012,53150,1620576667,0x371a9b7e
1695694575.027548248,10.1.6.10,10.1.6.3,5012,8490,11546,256800000,0x5d0aaaa2
1695694575.037729641,10.1.6.3,10.1.6.10,8490,5012,53151,1620576827,0x371a9b7e
1695694575.050439404,10.1.6.10,10.1.6.3,5012,8490,11547,256800160,0x5d0aaaa2
1695694575.056989940,10.1.6.3,10.1.6.10,8490,5012,53152,1620576987,0x371a9b7e
1695694575.068518280,10.1.6.10,10.1.6.3,5012,8490,11548,256800320,0x5d0aaaa2
1695694575.077290233,10.1.6.3,10.1.6.10,8490,5012,53153,1620577147,0x371a9b7e
1695694575.086684612,10.1.6.10,10.1.6.3,5012,8490,11549,256800480,0x5d0aaaa2
1695694575.097502117,10.1.6.3,10.1.6.10,8490,5012,53154,1620577307,0x371a9b7e
1695694575.109266656,10.1.6.10,10.1.6.3,5012,8490,11550,256800640,0x5d0aaaa2
1695694575.116861013,10.1.6.3,10.1.6.10,8490,5012,53155,1620577467,0x371a9b7e
1695694575.127509577,10.1.6.10,10.1.6.3,5012,8490,11551,256800800,0x5d0aaaa2
1695694575.137126570,10.1.6.3,10.1.6.10,8490,5012,53156,1620577627,0x371a9b7e
1695694575.150406724,10.1.6.10,10.1.6.3,5012,8490,11552,256800960,0x5d0aaaa2
1695694575.157477882,10.1.6.3,10.1.6.10,8490,5012,53157,1620577787,0x371a9b7e
1695694575.168451316,10.1.6.10,10.1.6.3,5012,8490,11553,256801120,0x5d0aaaa2
1695694575.177744593,10.1.6.3,10.1.6.10,8490,5012,53158,1620577947,0x371a9b7e
1695694575.186641079,10.1.6.10,10.1.6.3,5012,8490,11554,256801280,0x5d0aaaa2
1695694575.197056241,10.1.6.3,10.1.6.10,8490,5012,53159,1620578107,0x371a9b7e
1695694575.209595649,10.1.6.10,10.1.6.3,5012,8490,11555,256801440,0x5d0aaaa2
1695694575.217321534,10.1.6.3,10.1.6.10,8490,5012,53160,1620578267,0x371a9b7e
1695694575.227565248,10.1.6.10,10.1.6.3,5012,8490,11556,256801600,0x5d0aaaa2
1695694575.236829732,10.1.6.3,10.1.6.10,8490,5012,53161,1620578427,0x371a9b7e
1695694575.250398602,10.1.6.10,10.1.6.3,5012,8490,11557,256801760,0x5d0aaaa2
1695694575.257048832,10.1.6.3,10.1.6.10,8490,5012,53162,1620578587,0x371a9b7e
1695694575.268434568,10.1.6.10,10.1.6.3,5012,8490,11558,256801920,0x5d0aaaa2
1695694575.277389154,10.1.6.3,10.1.6.10,8490,5012,53163,1620578747,0x371a9b7e
1695694575.290839114,10.1.6.10,10.1.6.3,5012,8490,11559,256802080,0x5d0aaaa2
1695694575.297584737,10.1.6.3,10.1.6.10,8490,5012,53164,1620578907,0x371a9b7e
1695694575.308470845,10.1.6.10,10.1.6.3,5012,8490,11560,256802240,0x5d0aaaa2
1695694575.316940333,10.1.6.3,10.1.6.10,8490,5012,53165,1620579067,0x371a9b7e
1695694575.326737357,10.1.6.10,10.1.6.3,5012,8490,11561,256802400,0x5d0aaaa2
1695694575.337202839,10.1.6.3,10.1.6.10,8490,5012,53166,1620579227,0x371a9b7e
1695694575.349299414,10.1.6.10,10.1.6.3,5012,8490,11562,256802560,0x5d0aaaa2
1695694575.357603111,10.1.6.3,10.1.6.10,8490,5012,53167,1620579387,0x371a9b7e
1695694575.367475962,10.1.6.10,10.1.6.3,5012,8490,11563,256802720,0x5d0aaaa2
1695694575.376865673,10.1.6.3,10.1.6.10,8490,5012,53168,1620579547,0x371a9b7e
1695694575.390468505,10.1.6.10,10.1.6.3,5012,8490,11564,256802880,0x5d0aaaa2
1695694575.397217388,10.1.6.3,10.1.6.10,8490,5012,53169,1620579707,0x371a9b7e
1695694575.408514002,10.1.6.10,10.1.6.3,5012,8490,11565,256803040,0x5d0aaaa2
1695694575.417429330,10.1.6.3,10.1.6.10,8490,5012,53170,1620579867,0x371a9b7e
1695694575.426630040,10.1.6.10,10.1.6.3,5012,8490,11566,256803200,0x5d0aaaa2
1695694575.436801999,10.1.6.3,10.1.6.10,8490,5012,53171,1620580027,0x371a9b7e
1695694575.449581172,10.1.6.10,10.1.6.3,5012,8490,11567,256803360,0x5d0aaaa2
1695694575.457256273,10.1.6.3,10.1.6.10,8490,5012,53172,1620580187,0x371a9b7e
1695694575.467515985,10.1.6.10,10.1.6.3,5012,8490,11568,256803520,0x5d0aaaa2
1695694575.477740895,10.1.6.3,10.1.6.10,8490,5012,53173,1620580347,0x371a9b7e
1695694575.490395609,10.1.6.10,10.1.6.3,5012,8490,11569,256803680,0x5d0aaaa2
1695694575.497000780,10.1.6.3,10.1.6.10,8490,5012,53174,1620580507,0x371a9b7e
1695694575.508430443,10.1.6.10,10.1.6.3,5012,8490,11570,256803840,0x5d0aaaa2
1695694575.517404919,10.1.6.3,10.1.6.10,8490,5012,53175,1620580667,0x371a9b7e
1695694575.526633862,10.1.6.10,10.1.6.3,5012,8490,11571,256804000,0x5d0aaaa2
1695694575.537620468,10.1.6.3,10.1.6.10,8490,5012,53176,1620580827,0x371a9b7e
1695694575.549544514,10.1.6.10,10.1.6.3,5012,8490,11572,256804160,0x5d0aaaa2
1695694575.557019491,10.1.6.3,10.1.6.10,8490,5012,53177,1620580987,0x371a9b7e
1695694575.567465384,10.1.6.10,10.1.6.3,5012,8490,11573,256804320,0x5d0aaaa2
1695694575.577283829,10.1.6.3,10.1.6.10,8490,5012,53178,1620581147,0x371a9b7e
1695694575.590394094,10.1.6.10,10.1.6.3,5012,8490,11574,256804480,0x5d0aaaa2
1695694575.597640521,10.1.6.3,10.1.6.10,8490,5012,53179,1620581307,0x371a9b7e
1695694575.609020523,10.1.6.10,10.1.6.3,5012,8490,11575,256804640,0x5d0aaaa2
1695694575.616852971,10.1.6.3,10.1.6.10,8490,5012,53180,1620581467,0x371a9b7e
1695694575.627626018,10.1.6.10,10.1.6.3,5012,8490,11576,256804800,0x5d0aaaa2
1695694575.637255856,10.1.6.3,10.1.6.10,8490,5012,53181,1620581627,0x371a9b7e
1695694575.646444639,10.1.6.10,10.1.6.3,5012,8490,11577,256804960,0x5d0aaaa2
1695694575.657535108,10.1.6.3,10.1.6.10,8490,5012,53182,1620581787,0x371a9b7e
1695694575.668479960,10.1.6.10,10.1.6.3,5012,8490,11578,256805120,0x5d0aaaa2
1695694575.676904440,10.1.6.3,10.1.6.10,8490,5012,53183,1620581947,0x371a9b7e
1695694575.686660566,10.1.6.10,10.1.6.3,5012,8490,11579,256805280,0x5d0aaaa2
1695694575.697165314,10.1.6.3,10.1.6.10,8490,5012,53184,1620582107,0x371a9b7e
1695694575.709291035,10.1.6.10,10.1.6.3,5012,8490,11580,256805440,0x5d0aaaa2
1695694575.717506411,10.1.6.3,10.1.6.10,8490,5012,53185,1620582267,0x371a9b7e
1695694575.727500504,10.1.6.10,10.1.6.3,5012,8490,11581,256805600,0x5d0aaaa2
1695694575.737775451,10.1.6.3,10.1.6.10,8490,5012,53186,1620582427,0x371a9b7e
1695694575.750449894,10.1.6.10,10.1.6.3,5012,8490,11582,256805760,0x5d0aaaa2
1695694575.757197310,10.1.6.3,10.1.6.10,8490,5012,53187,1620582587,0x371a9b7e
1695694575.768549053,10.1.6.10,10.1.6.3,5012,8490,11583,256805920,0x5d0aaaa2
1695694575.777445707,10.1.6.3,10.1.6.10,8490,5012,53188,1620582747,0x371a9b7e
1695694575.786636018,10.1.6.10,10.1.6.3,5012,8490,11584,256806080,0x5d0aaaa2
1695694575.797765266,10.1.6.3,10.1.6.10,8490,5012,53189,1620582907,0x371a9b7e
1695694575.809508056,10.1.6.10,10.1.6.3,5012,8490,11585,256806240,0x5d0aaaa2
1695694575.817029496,10.1.6.3,10.1.6.10,8490,5012,53190,1620583067,0x371a9b7e
1695694575.827409073,10.1.6.10,10.1.6.3,5012,8490,11586,256806400,0x5d0aaaa2
1695694575.837383354,10.1.6.3,10.1.6.10,8490,5012,53191,1620583227,0x371a9b7e
1695694575.850446314,10.1.6.10,10.1.6.3,5012,8490,11587,256806560,0x5d0aaaa2
1695694575.857683340,10.1.6.3,10.1.6.10,8490,5012,53192,1620583387,0x371a9b7e
1695694575.868456958,10.1.6.10,10.1.6.3,5012,8490,11588,256806720,0x5d0aaaa2
1695694575.877034984,10.1.6.3,10.1.6.10,8490,5012,53193,1620583547,0x371a9b7e
1695694575.886461404,10.1.6.10,10.1.6.3,5012,8490,11589,256806880,0x5d0aaaa2
1695694575.897301261,10.1.6.3,10.1.6.10,8490,5012,53194,1620583707,0x371a9b7e
1695694575.908499498,10.1.6.10,10.1.6.3,5012,8490,11590,256807040,0x5d0aaaa2
1695694575.917655610,10.1.6.3,10.1.6.10,8490,5012,53195,1620583867,0x371a9b7e
1695694575.926580926,10.1.6.10,10.1.6.3,5012,8490,11591,256807200,0x5d0aaaa2
1695694575.936880205,10.1.6.3,10.1.6.10,8490,5012,53196,1620584027,0x371a9b7e
1695694575.949278667,10.1.6.10,10.1.6.3,5012,8490,11592,256807360,0x5d0aaaa2
1695694575.957142201,10.1.6.3,10.1.6.10,8490,5012,53197,1620584187,0x371a9b7e
1695694575.967455905,10.1.6.10,10.1.6.3,5012,8490,11593,256807520,0x5d0aaaa2
1695694575.977366449,10.1.6.3,10.1.6.10,8490,5012,53198,1620584347,0x371a9b7e
1695694575.990432497,10.1.6.10,10.1.6.3,5012,8490,11594,256807680,0x5d0aaaa2
1695694575.997688935,10.1.6.3,10.1.6.10,8490,5012,53199,1620584507,0x371a9b7e
1695694576.008447723,10.1.6.10,10.1.6.3,5012,8490,11595,256807840,0x5d0aaaa2
1695694576.016871695,10.1.6.3,10.1.6.10,8490,5012,53200,1620584667,0x371a9b7e
1695694576.026716244,10.1.6.10,10.1.6.3,5012,8490,11596,256808000,0x5d0aaaa2
1695694576.037188110,10.1.6.3,10.1.6.10,8490,5012,53201,1620584827,0x371a9b7e
1695694576.049555597,10.1.6.10,10.1.6.3,5012,8490,11597,256808160,0x5d0aaaa2
1695694576.057360887,10.1.6.3,10.1.6.10,8490,5012,53202,1620584987,0x371a9b7e
1695694576.067452186,10.1.6.10,10.1.6.3,5012,8490,11598,256808320,0x5d0aaaa2
1695694576.077711194,10.1.6.3,10.1.6.10,8490,5012,53203,1620585147,0x371a9b7e
1695694576.090473502,10.1.6.10,10.1.6.3,5012,8490,11599,256808480,0x5d0aaaa2
1695694576.096934284,10.1.6.3,10.1.6.10,8490,5012,53204,1620585307,0x371a9b7e
1695694576.108421677,10.1.6.10,10.1.6.3,5012,8490,11600,256808640,0x5d0aaaa2
1695694576.117347767,10.1.6.3,10.1.6.10,8490,5012,53205,1620585467,0x371a9b7e
1695694576.126676835,10.1.6.10,10.1.6.3,5012,8490,11601,256808800,0x5d0aaaa2
1695694576.137570925,10.1.6.3,10.1.6.10,8490,5012,53206,1620585627,0x371a9b7e
1695694576.149537847,10.1.6.10,10.1.6.3,5012,8490,11602,256808960,0x5d0aaaa2
1695694576.156979969,10.1.6.3,10.1.6.10,8490,5012,53207,1620585787,0x371a9b7e
1695694576.168382334,10.1.6.10,10.1.6.3,5012,8490,11603,256809120,0x5d0aaaa2
1695694576.177192147,10.1.6.3,10.1.6.10,8490,5012,53208,1620585947,0x371a9b7e
1695694576.190389302,10.1.6.10,10.1.6.3,5012,8490,11604,256809280,0x5d0aaaa2
1695694576.197595856,10.1.6.3,10.1.6.10,8490,5012,53209,1620586107,0x371a9b7e
1695694576.208448996,10.1.6.10,10.1.6.3,5012,8490,11605,256809440,0x5d0aaaa2
1695694576.216804646,10.1.6.3,10.1.6.10,8490,5012,53210,1620586267,0x371a9b7e
1695694576.226641752,10.1.6.10,10.1.6.3,5012,8490,11606,256809600,0x5d0aaaa2
1695694576.237110676,10.1.6.3,10.1.6.10,8490,5012,53211,1620586427,0x371a9b7e
1695694576.249282951,10.1.6.10,10.1.6.3,5012,8490,11607,256809760,0x5d0aaaa2
1695694576.257376966,10.1.6.3,10.1.6.10,8490,5012,53212,1620586587,0x371a9b7e
1695694576.267428219,10.1.6.10,10.1.6.3,5012,8490,11608,256809920,0x5d0aaaa2
1695694576.277761113,10.1.6.3,10.1.6.10,8490,5012,53213,1620586747,0x371a9b7e
1695694576.290428178,10.1.6.10,10.1.6.3,5012,8490,11609,256810080,0x5d0aaaa2
1695694576.297035098,10.1.6.3,10.1.6.10,8490,5012,53214,1620586907,0x371a9b7e
1695694576.308451990,10.1.6.10,10.1.6.3,5012,8490,11610,256810240,0x5d0aaaa2
1695694576.317394138,10.1.6.3,10.1.6.10,8490,5012,53215,1620587067,0x371a9b7e
1695694576.326549129,10.1.6.10,10.1.6.3,5012,8490,11611,256810400,0x5d0aaaa2
1695694576.337624711,10.1.6.3,10.1.6.10,8490,5012,53216,1620587227,0x371a9b7e
1695694576.349553453,10.1.6.10,10.1.6.3,5012,8490,11612,256810560,0x5d0aaaa2
1695694576.357011226,10.1.6.3,10.1.6.10,8490,5012,53217,1620587387,0x371a9b7e
1695694576.367400645,10.1.6.10,10.1.6.3,5012,8490,11613,256810720,0x5d0aaaa2
1695694576.377204830,10.1.6.3,10.1.6.10,8490,5012,53218,1620587547,0x371a9b7e
1695694576.390395417,10.1.6.10,10.1.6.3,5012,8490,11614,256810880,0x5d0aaaa2
1695694576.397645792,10.1.6.3,10.1.6.10,8490,5012,53219,1620587707,0x371a9b7e
1695694576.408408364,10.1.6.10,10.1.6.3,5012,8490,11615,256811040,0x5d0aaaa2
1695694576.416848147,10.1.6.3,10.1.6.10,8490,5012,53220,1620587867,0x371a9b7e
1695694576.426652920,10.1.6.10,10.1.6.3,5012,8490,11616,256811200,0x5d0aaaa2
1695694576.437194110,10.1.6.3,10.1.6.10,8490,5012,53221,1620588027,0x371a9b7e
1695694576.449524924,10.1.6.10,10.1.6.3,5012,8490,11617,256811360,0x5d0aaaa2
1695694576.457453119,10.1.6.3,10.1.6.10,8490,5012,53222,1620588187,0x371a9b7e
1695694576.467472018,10.1.6.10,10.1.6.3,5012,8490,11618,256811520,0x5d0aaaa2
1695694576.476806629,10.1.6.3,10.1.6.10,8490,5012,53223,1620588347,0x371a9b7e
1695694576.490459331,10.1.6.10,10.1.6.3,5012,8490,11619,256811680,0x5d0aaaa2
1695694576.497111254,10.1.6.3,10.1.6.10,8490,5012,53224,1620588507,0x371a9b7e
1695694576.504214062,10.1.6.10,10.1.6.3,5012,8490,11620,256811840,0x5d0aaaa2
1695694576.517471442,10.1.6.3,10.1.6.10,8490,5012,53225,1620588667,0x371a9b7e
1695694576.522441605,10.1.6.10,10.1.6.3,5012,8490,11621,256812000,0x5d0aaaa2
1695694576.537733851,10.1.6.3,10.1.6.10,8490,5012,53226,1620588827,0x371a9b7e
1695694576.549828407,10.1.6.10,10.1.6.3,5012,8490,11622,256812160,0x5d0aaaa2
1695694576.557065600,10.1.6.3,10.1.6.10,8490,5012,53227,1620588987,0x371a9b7e
1695694576.563658681,10.1.6.10,10.1.6.3,5012,8490,11623,256812320,0x5d0aaaa2
1695694576.577275256,10.1.6.3,10.1.6.10,8490,5012,53228,1620589147,0x371a9b7e
1695694576.586549040,10.1.6.10,10.1.6.3,5012,8490,11624,256812480,0x5d0aaaa2
1695694576.597687538,10.1.6.3,10.1.6.10,8490,5012,53229,1620589307,0x371a9b7e
1695694576.609423370,10.1.6.10,10.1.6.3,5012,8490,11625,256812640,0x5d0aaaa2
1695694576.616924153,10.1.6.3,10.1.6.10,8490,5012,53230,1620589467,0x371a9b7e
1695694576.627584914,10.1.6.10,10.1.6.3,5012,8490,11626,256812800,0x5d0aaaa2
1695694576.637324688,10.1.6.3,10.1.6.10,8490,5012,53231,1620589627,0x371a9b7e
1695694576.646320886,10.1.6.10,10.1.6.3,5012,8490,11627,256812960,0x5d0aaaa2
1695694576.657588056,10.1.6.3,10.1.6.10,8490,5012,53232,1620589787,0x371a9b7e
1695694576.669037886,10.1.6.10,10.1.6.3,5012,8490,11628,256813120,0x5d0aaaa2
1695694576.676987582,10.1.6.3,10.1.6.10,8490,5012,53233,1620589947,0x371a9b7e
1695694576.687444902,10.1.6.10,10.1.6.3,5012,8490,11629,256813280,0x5d0aaaa2
1695694576.697244675,10.1.6.3,10.1.6.10,8490,5012,53234,1620590107,0x371a9b7e
1695694576.710401393,10.1.6.10,10.1.6.3,5012,8490,11630,256813440,0x5d0aaaa2
1695694576.717570100,10.1.6.3,10.1.6.10,8490,5012,53235,1620590267,0x371a9b7e
1695694576.724230229,10.1.6.10,10.1.6.3,5012,8490,11631,256813600,0x5d0aaaa2
1695694576.736751162,10.1.6.3,10.1.6.10,8490,5012,53236,1620590427,0x371a9b7e
1695694576.742431032,10.1.6.10,10.1.6.3,5012,8490,11632,256813760,0x5d0aaaa2
1695694576.757117658,10.1.6.3,10.1.6.10,8490,5012,53237,1620590587,0x371a9b7e
1695694576.769898667,10.1.6.10,10.1.6.3,5012,8490,11633,256813920,0x5d0aaaa2
1695694576.777377848,10.1.6.3,10.1.6.10,8490,5012,53238,1620590747,0x371a9b7e
1695694576.783019093,10.1.6.10,10.1.6.3,5012,8490,11634,256814080,0x5d0aaaa2
1695694576.797719796,10.1.6.3,10.1.6.10,8490,5012,53239,1620590907,0x371a9b7e
1695694576.805319419,10.1.6.10,10.1.6.3,5012,8490,11635,256814240,0x5d0aaaa2
1695694576.816925863,10.1.6.3,10.1.6.10,8490,5012,53240,1620591067,0x371a9b7e
1695694576.823724070,10.1.6.10,10.1.6.3,5012,8490,11636,256814400,0x5d0aaaa2
1695694576.837277612,10.1.6.3,10.1.6.10,8490,5012,53241,1620591227,0x371a9b7e
1695694576.842066716,10.1.6.10,10.1.6.3,5012,8490,11637,256814560,0x5d0aaaa2
1695694576.857538250,10.1.6.3,10.1.6.10,8490,5012,53242,1620591387,0x371a9b7e
1695694576.864960642,10.1.6.10,10.1.6.3,5012,8490,11638,256814720,0x5d0aaaa2
1695694576.876857503,10.1.6.3,10.1.6.10,8490,5012,53243,1620591547,0x371a9b7e
1695694576.883126491,10.1.6.10,10.1.6.3,5012,8490,11639,256814880,0x5d0aaaa2
1695694576.897063101,10.1.6.3,10.1.6.10,8490,5012,53244,1620591707,0x371a9b7e
1695694576.905251145,10.1.6.10,10.1.6.3,5012,8490,11640,256815040,0x5d0aaaa2
1695694576.917400099,10.1.6.3,10.1.6.10,8490,5012,53245,1620591867,0x371a9b7e
1695694576.923601159,10.1.6.10,10.1.6.3,5012,8490,11641,256815200,0x5d0aaaa2
1695694576.937638855,10.1.6.3,10.1.6.10,8490,5012,53246,1620592027,0x371a9b7e
1695694576.941971757,10.1.6.10,10.1.6.3,5012,8490,11642,256815360,0x5d0aaaa2
1695694576.956922575,10.1.6.3,10.1.6.10,8490,5012,53247,1620592187,0x371a9b7e
1695694576.964945812,10.1.6.10,10.1.6.3,5012,8490,11643,256815520,0x5d0aaaa2
1695694576.977133298,10.1.6.3,10.1.6.10,8490,5012,53248,1620592347,0x371a9b7e
1695694576.982968620,10.1.6.10,10.1.6.3,5012,8490,11644,256815680,0x5d0aaaa2
1695694576.997454221,10.1.6.3,10.1.6.10,8490,5012,53249,1620592507,0x371a9b7e
1695694577.005380685,10.1.6.10,10.1.6.3,5012,8490,11645,256815840,0x5d0aaaa2
1695694577.017710928,10.1.6.3,10.1.6.10,8490,5012,53250,1620592667,0x371a9b7e
1695694577.023019473,10.1.6.10,10.1.6.3,5012,8490,11646,256816000,0x5d0aaaa2
1695694577.037035675,10.1.6.3,10.1.6.10,8490,5012,53251,1620592827,0x371a9b7e
1695694577.045333018,10.1.6.10,10.1.6.3,5012,8490,11647,256816160,0x5d0aaaa2
1695694577.057269198,10.1.6.3,10.1.6.10,8490,5012,53252,1620592987,0x371a9b7e
1695694577.064041042,10.1.6.10,10.1.6.3,5012,8490,11648,256816320,0x5d0aaaa2
1695694577.077533043,10.1.6.3,10.1.6.10,8490,5012,53253,1620593147,0x371a9b7e
1695694577.082166494,10.1.6.10,10.1.6.3,5012,8490,11649,256816480,0x5d0aaaa2
1695694577.097774228,10.1.6.3,10.1.6.10,8490,5012,53254,1620593307,0x371a9b7e
1695694577.110201523,10.1.6.10,10.1.6.3,5012,8490,11650,256816640,0x5d0aaaa2
1695694577.117099358,10.1.6.3,10.1.6.10,8490,5012,53255,1620593467,0x371a9b7e
1695694577.128548861,10.1.6.10,10.1.6.3,5012,8490,11651,256816800,0x5d0aaaa2
1695694577.137343650,10.1.6.3,10.1.6.10,8490,5012,53256,1620593627,0x371a9b7e
1695694577.147198981,10.1.6.10,10.1.6.3,5012,8490,11652,256816960,0x5d0aaaa2
1695694577.157672793,10.1.6.3,10.1.6.10,8490,5012,53257,1620593787,0x371a9b7e
1695694577.170567550,10.1.6.10,10.1.6.3,5012,8490,11653,256817120,0x5d0aaaa2
1695694577.176867493,10.1.6.3,10.1.6.10,8490,5012,53258,1620593947,0x371a9b7e
1695694577.189371474,10.1.6.10,10.1.6.3,5012,8490,11654,256817280,0x5d0aaaa2
1695694577.197188921,10.1.6.3,10.1.6.10,8490,5012,53259,1620594107,0x371a9b7e
1695694577.207617238,10.1.6.10,10.1.6.3,5012,8490,11655,256817440,0x5d0aaaa2
1695694577.217429162,10.1.6.3,10.1.6.10,8490,5012,53260,1620594267,0x371a9b7e
1695694577.228553617,10.1.6.10,10.1.6.3,5012,8490,11656,256817600,0x5d0aaaa2
1695694577.236808275,10.1.6.3,10.1.6.10,8490,5012,53261,1620594427,0x371a9b7e
1695694577.246889682,10.1.6.10,10.1.6.3,5012,8490,11657,256817760,0x5d0aaaa2
1695694577.256982553,10.1.6.3,10.1.6.10,8490,5012,53262,1620594587,0x371a9b7e
1695694577.269999267,10.1.6.10,10.1.6.3,5012,8490,11658,256817920,0x5d0aaaa2
1695694577.288549986,10.1.6.10,10.1.6.3,5012,8490,11659,256818080,0x5d0aaaa2
1695694577.307535385,10.1.6.10,10.1.6.3,5012,8490,11660,256818240,0x5d0aaaa2
1695694577.307582940,10.1.6.3,10.1.6.10,10.1.6.10,10.1.6.3,5012,8490,11660,256818240,0x5d0aaaa2
1695694577.330074459,10.1.6.10,10.1.6.3,5012,8490,11661,256818400,0x5d0aaaa2
1695694577.330520065,10.1.6.3,10.1.6.10,10.1.6.10,10.1.6.3,5012,8490,11661,256818400,0x5d0aaaa2
1695694577.348598233,10.1.6.10,10.1.6.3,5012,8490,11662,256818560,0x5d0aaaa2
1695694577.348642905,10.1.6.3,10.1.6.10,10.1.6.10,10.1.6.3,5012,8490,11662,256818560,0x5d0aaaa2
1695694577.367224746,10.1.6.10,10.1.6.3,5012,8490,11663,256818720,0x5d0aaaa2
1695694577.367291460,10.1.6.3,10.1.6.10,10.1.6.10,10.1.6.3,5012,8490,11663,256818720,0x5d0aaaa2
1695694577.390479294,10.1.6.10,10.1.6.3,5012,8490,11664,256818880,0x5d0aaaa2
1695694577.390540118,10.1.6.3,10.1.6.10,10.1.6.10,10.1.6.3,5012,8490,11664,256818880,0x5d0aaaa2
1695694577.409000746,10.1.6.10,10.1.6.3,5012,8490,11665,256819040,0x5d0aaaa2
1695694577.409047560,10.1.6.3,10.1.6.10,10.1.6.10,10.1.6.3,5012,8490,11665,256819040,0x5d0aaaa2
1695694577.427607092,10.1.6.10,10.1.6.3,5012,8490,11666,256819200,0x5d0aaaa2
1695694577.446351864,10.1.6.10,10.1.6.3,5012,8490,11667,256819360,0x5d0aaaa2
1695694577.469013353,10.1.6.10,10.1.6.3,5012,8490,11668,256819520,0x5d0aaaa2
1695694577.487582903,10.1.6.10,10.1.6.3,5012,8490,11669,256819680,0x5d0aaaa2
1695694577.506337841,10.1.6.10,10.1.6.3,5012,8490,11670,256819840,0x5d0aaaa2
1695694577.529005566,10.1.6.10,10.1.6.3,5012,8490,11671,256820000,0x5d0aaaa2
1695694577.547568689,10.1.6.10,10.1.6.3,5012,8490,11672,256820160,0x5d0aaaa2
1695694577.566349376,10.1.6.10,10.1.6.3,5012,8490,11673,256820320,0x5d0aaaa2
